-- phpMyAdmin SQL Dump
-- version 5.2.1
-- https://www.phpmyadmin.net/
--
-- Host: 127.0.0.1
-- Generation Time: Apr 27, 2025 at 08:44 PM
-- Server version: 10.4.32-MariaDB
-- PHP Version: 8.2.12

SET SQL_MODE = "NO_AUTO_VALUE_ON_ZERO";
START TRANSACTION;
SET time_zone = "+00:00";


/*!40101 SET @OLD_CHARACTER_SET_CLIENT=@@CHARACTER_SET_CLIENT */;
/*!40101 SET @OLD_CHARACTER_SET_RESULTS=@@CHARACTER_SET_RESULTS */;
/*!40101 SET @OLD_COLLATION_CONNECTION=@@COLLATION_CONNECTION */;
/*!40101 SET NAMES utf8mb4 */;

--
-- Database: `library_web_db`
--
DROP DATABASE IF EXISTS `Library_web_db`;
CREATE DATABASE `Library_web_db`;

GRANT ALL PRIVILEGES ON Library_web_db.* TO 'root'@'localhost';

FLUSH PRIVILEGES;

USE Library_web_db;
-- --------------------------------------------------------

--
-- Table structure for table `books`
--

CREATE TABLE `books` (
  `book_id` int(11) NOT NULL,
  `TITLE` varchar(255) NOT NULL,
  `AUTHOR` varchar(255) NOT NULL,
  `BOOK_COVER` varchar(255) NOT NULL,
  `STATUS` enum('available','UnAvailable') NOT NULL,
  `CATEGORY` varchar(255) NOT NULL,
  `GENRE` varchar(50) NOT NULL,
  `PUBLICATION YEAR` int(11) NOT NULL,
  `PAGES` int(11) DEFAULT NULL,
  `visits` int(11) DEFAULT 0,
  `short_description` varchar(255) DEFAULT NULL
) ENGINE=InnoDB DEFAULT CHARSET=utf8mb4 COLLATE=utf8mb4_general_ci;

--
-- Dumping data for table `books`
--

INSERT INTO `books` (`book_id`, `TITLE`, `AUTHOR`, `BOOK_COVER`, `STATUS`, `CATEGORY`, `GENRE`, `PUBLICATION YEAR`, `PAGES`, `visits`, `short_description`) VALUES
(411, 'Great Expectations', 'Charles Dickens', 'GreatExpectations.jpg', 'available', 'Fiction', 'Classic', 1861, 544, 131, 'My_Frozen_turbulence.txt'),
(412, 'Naruto', 'Masashi Kishimoto', 'Naruto.jpg', 'available', 'Graphic Novels & Comics', 'Manga', 1999, 220, 238, NULL),
(413, 'One Piece', 'Eiichiro Oda', 'OnePiece.jpg', 'available', 'Graphic Novels & Comics', 'Manga', 1997, 978, 71, NULL),
(414, '1984', 'George Orwell', '1984.jpg', 'available', 'Fiction', 'Dystopian', 1949, 328, 21, NULL),
(415, 'Moby Dick', 'Herman Melville', 'MobyDick.jpg', 'available', 'Fiction', 'Adventure', 1851, 585, 4, NULL),
(416, 'Pride and Prejudice', 'Jane Austen', 'PrideAndPrejudice.jpg', 'available', 'Fiction', 'Romance', 1813, 432, 7, NULL),
(417, 'The Great Gatsby', 'F. Scott Fitzgerald', 'TheGreatGatsby.jpg', 'available', 'Fiction', 'Classic', 1925, 180, 3, NULL),
(418, 'Brave New World', 'Aldous Huxley', 'BraveNewWorld.jpg', 'available', 'Fiction', 'Dystopian', 1932, 268, 4, NULL),
(419, 'The Catcher in the Rye', 'J.D. Salinger', 'TheCatcherInTheRye.jpg', 'available', 'Fiction', 'Classic', 1951, 277, 228, NULL),
(420, 'To Kill a Mockingbird', 'Harper Lee', 'ToKillAMockingbird.jpg', 'available', 'Fiction', 'Classic', 1960, 281, 33, NULL),
(421, 'The Hobbit', 'J.R.R. Tolkien', 'TheHobbit.jpg', 'available', 'Fiction', 'Fantasy', 1937, 310, 52, NULL),
(422, 'Fahrenheit 451', 'Ray Bradbury', 'Fahrenheit451.jpg', 'available', 'Fiction', 'Dystopian', 1953, 158, 1, NULL),
(423, 'The Alchemist', 'Paulo Coelho', 'TheAlchemist.jpg', 'available', 'Fiction', 'Adventure', 1988, 208, 13, NULL),
(424, 'Harry Potter and the Sorcerer\'s Stone', 'J.K. Rowling', 'HarryPotter.jpg', 'available', 'Fiction', 'Fantasy', 1997, 309, 0, NULL),
(425, 'War and Peace', 'Leo Tolstoy', 'WarAndPeace.jpg', 'available', 'Fiction', 'Historical', 1869, 1225, 7, NULL),
(426, 'The Picture of Dorian Gray', 'Oscar Wilde', 'ThePictureOfDorianGray.jpg', 'available', 'Fiction', 'Classic', 1890, 250, 4, NULL),
(427, 'Les Misérables', 'Victor Hugo', 'LesMiserables.jpg', 'available', 'Fiction', 'Historical', 1862, 1232, 0, NULL),
(428, 'The Grapes of Wrath', 'John Steinbeck', 'TheGrapesOfWrath.jpg', 'available', 'Fiction', 'Historical', 1939, 464, 2, NULL),
(429, 'The Fault in Our Stars', 'John Green', 'TheFaultInOurStars.jpg', 'available', 'Fiction', 'Young Adult', 2012, 313, 0, NULL),
(430, 'Catch-22', 'Joseph Heller', 'Catch22.jpg', 'available', 'Fiction', 'Fantasy', 1961, 453, 0, NULL),
(431, 'Game of Thrones', 'George R.R. Martin', 'GameOfThrones.jpg', 'available', 'Fiction', 'Fantasy', 1996, 694, 0, NULL),
(432, 'Chainsaw Man', 'Tatsuki Fujimoto', 'ChainsawMan.jpg', 'available', 'Graphic Novels & Comics', 'Action', 2018, 192, 9, NULL),
(433, 'The Da Vinci Code', 'Dan Brown', 'TheDaVinciCode.jpg', 'available', 'Fiction', 'Thriller', 2003, 489, 0, NULL),
(434, 'The Hunger Games', 'Suzanne Collins', 'TheHungerGames.jpg', 'available', 'Fiction', 'Fantasy', 2008, 374, 0, NULL),
(435, 'Little Fires Everywhere', 'Celeste Ng', 'LittleFiresEverywhere.jpg', 'available', 'Fiction', 'Contemporary', 2017, 350, 0, NULL),
(436, 'The Silent Patient', 'Alex Michaelides', 'TheSilentPatient.jpg', 'available', 'Fiction', 'Thriller', 2019, 336, 0, NULL),
(437, 'The Midnight Library', 'Matt Haig', 'TheMidnightLibrary.jpg', 'available', 'Fiction', 'Fantasy', 2020, 304, 0, NULL),
(438, 'Educated', 'Tara Westover', 'Educated.jpg', 'available', 'Non-Fiction', 'Memoir', 2018, 334, 0, NULL),
(439, 'The Testaments', 'Margaret Atwood', 'TheTestaments.jpg', 'available', 'Fiction', 'Dystopian', 2019, 419, 1, NULL),
(440, 'Where the Crawdads Sing', 'Delia Owens', 'WhereTheCrawdadsSing.jpg', 'available', 'Fiction', 'Mystery', 2018, 368, 0, NULL),
(441, 'A Gentleman in Moscow', 'Amor Towles', 'AGentlemanInMoscow.jpg', 'available', 'Fiction', 'Historical', 2016, 462, 0, NULL),
(442, 'The Seven Husbands of Evelyn Hugo', 'Taylor Jenkins Reid', 'TheSevenHusbandsOfEvelynHugo.jpg', 'available', 'Fiction', 'Romance', 2017, 388, 0, NULL),
(443, 'It Ends with Us', 'Colleen Hoover', 'ItEndsWithUs.jpg', 'available', 'Fiction', 'Romance', 2016, 384, 0, NULL),
(444, 'The Outsiders', 'S.E. Hinton', 'TheOutsiders.jpg', 'available', 'Fiction', 'Young Adult', 1967, 192, 0, NULL),
(445, 'Gone Girl', 'Gillian Flynn', 'GoneGirl.jpg', 'available', 'Fiction', 'Thriller', 2012, 432, 14, NULL),
(446, 'The Rosie Project', 'Graeme Simsion', 'TheRosieProject.jpg', 'available', 'Fiction', 'Romance', 2013, 295, 0, NULL),
(447, 'The Goldfinch', 'Donna Tartt', 'TheGoldfinch.jpg', 'available', 'Fiction', 'Literary', 2013, 784, 0, NULL),
(448, 'The Night Circus', 'Erin Morgenstern', 'TheNightCircus.jpg', 'available', 'Fiction', 'Fantasy', 2011, 387, 1, NULL),
(449, 'Dune', 'Frank Herbert', 'Dune.jpg', 'available', 'Fiction', 'Science Fiction', 1965, 412, 0, NULL),
(450, 'The Kite Runner', 'Khaled Hosseini', 'TheKiteRunner.jpg', 'available', 'Fiction', 'Historical', 2003, 371, 1, NULL),
(451, 'The Road', 'Cormac McCarthy', 'TheRoad.jpg', 'available', 'Fiction', 'Post-Apocalyptic', 2006, 287, 0, NULL),
(452, 'Nell & Her GrandFather', 'Charles Dickens', 'Nell & Her GrandFather.jpg', 'UnAvailable', 'Fiction', 'Family', 1997, NULL, 12, NULL),
(453, 'Frozen Frontiers', 'Ox-Mammoth Animation', 'Frozen-Frontiers.jpg', 'UnAvailable', 'Fiction', 'Action, Apocalypse, Survival', 2024, NULL, 113, 'qwertyuiop'),
(454, 'Myonir', 'delux', '1c77f4e6c3f2d1a4e354a8247e345518.jpg', 'UnAvailable', 'Fiction', 'cartoon network', 1209, NULL, 0, 'Cloud Computing Problem Definition.txt');

-- --------------------------------------------------------

--
-- Table structure for table `content`
--

CREATE TABLE `content` (
  `ChapterID` int(11) NOT NULL,
  `Chapter_title` varchar(100) NOT NULL,
  `File_path` varchar(255) NOT NULL,
  `book_id` int(11) NOT NULL,
  `created_at` timestamp NOT NULL DEFAULT current_timestamp(),
  `updated_at` timestamp NOT NULL DEFAULT current_timestamp() ON UPDATE current_timestamp()
) ENGINE=InnoDB DEFAULT CHARSET=utf8mb4 COLLATE=utf8mb4_general_ci;

--
-- Dumping data for table `content`
--

INSERT INTO `content` (`ChapterID`, `Chapter_title`, `File_path`, `book_id`, `created_at`, `updated_at`) VALUES
(1, 'Chapter_1', 'rye1.txt', 419, '2024-11-02 07:51:05', '2024-11-02 07:51:05'),
(2, 'Chapter_II', 'rye2.txt', 419, '2024-10-26 02:02:28', '2024-11-02 07:17:22'),
(3, 'Chapter 1', 'w&pchapterI.txt', 425, '2024-11-07 09:14:22', '2024-11-07 09:14:22'),
(4, 'Epilogue 0', 'Definitions.txt', 445, '2024-11-09 07:41:45', '2024-11-09 07:41:45'),
(5, 'Beginning', 'Chapter01.pdf', 414, '2024-11-09 07:42:54', '2024-11-09 07:42:54'),
(6, 'Intro', 'etivity-1_inclass.pdf', 453, '2024-11-09 08:21:46', '2024-11-09 08:21:46');

-- --------------------------------------------------------

--
-- Table structure for table `failures`
--

CREATE TABLE `failures` (
  `id` int(11) NOT NULL,
  `event_type` varchar(100) DEFAULT NULL,
  `description` text DEFAULT NULL,
  `occurred_at` datetime DEFAULT current_timestamp()
) ENGINE=InnoDB DEFAULT CHARSET=utf8mb4 COLLATE=utf8mb4_general_ci;

--
-- Dumping data for table `failures`
--

INSERT INTO `failures` (`id`, `event_type`, `description`, `occurred_at`) VALUES
(1, 'description_missing', 'Missing description file for Book ID 411.', '2025-04-27 19:57:18'),
(2, 'description_missing', 'Missing description file for Book ID 417.', '2025-04-27 20:16:56');

-- --------------------------------------------------------

--
-- Table structure for table `favorite_books`
--

CREATE TABLE `favorite_books` (
  `book_id` int(11) NOT NULL,
  `username` varchar(255) NOT NULL,
  `added_on` timestamp NOT NULL DEFAULT current_timestamp()
) ENGINE=InnoDB DEFAULT CHARSET=utf8mb4 COLLATE=utf8mb4_general_ci;

--
-- Dumping data for table `favorite_books`
--

INSERT INTO `favorite_books` (`book_id`, `username`, `added_on`) VALUES
(412, 'msp', '2024-11-08 14:36:03'),
(419, 'msp', '2024-11-07 08:45:41'),
(425, 'msp', '2024-11-08 00:05:56');

-- --------------------------------------------------------

--
-- Table structure for table `reviews`
--

CREATE TABLE `reviews` (
  `book_id` int(11) NOT NULL,
  `username` varchar(100) NOT NULL,
  `review` longtext NOT NULL,
  `rating` int(11) DEFAULT NULL,
  `created_at` timestamp NOT NULL DEFAULT current_timestamp()
) ENGINE=InnoDB DEFAULT CHARSET=utf8mb4 COLLATE=utf8mb4_general_ci;

--
-- Dumping data for table `reviews`
--

INSERT INTO `reviews` (`book_id`, `username`, `review`, `rating`, `created_at`) VALUES
(417, 'alice11', 'A well-written book.', 4, '2025-04-27 16:57:04'),
(419, 'alice11', 'I loved the characters in this book.', 1, '2025-04-27 16:57:04'),
(440, 'alice11', 'Could have been better.', 1, '2025-04-27 16:57:04'),
(424, 'alice11', 'Not my favorite, but still good.', 1, '2025-04-27 16:57:04'),
(427, 'alice11', 'This book was amazing!', 1, '2025-04-27 16:57:04'),
(428, 'alice11', 'Not my favorite, but still good.', 2, '2025-04-27 16:57:04'),
(415, 'alice11', 'An interesting read.', 5, '2025-04-27 16:57:04'),
(444, 'alice11', 'Could have been better.', 3, '2025-04-27 16:57:04'),
(433, 'alice11', 'I enjoyed reading this book.', 2, '2025-04-27 16:57:04'),
(413, 'alice11', 'A well-written book.', 4, '2025-04-27 16:57:04'),
(414, 'alice12', 'Not my favorite, but still good.', 5, '2025-04-27 16:57:04'),
(423, 'alice12', 'An interesting read.', 5, '2025-04-27 16:57:04'),
(447, 'alice12', 'A well-written book.', 1, '2025-04-27 16:57:04'),
(451, 'alice12', 'I would recommend this book.', 1, '2025-04-27 16:57:04'),
(438, 'alice12', 'Not my favorite, but still good.', 2, '2025-04-27 16:57:04'),
(450, 'alice12', 'A well-written book.', 4, '2025-04-27 16:57:04'),
(424, 'alice12', 'The book was just okay.', 4, '2025-04-27 16:57:04'),
(413, 'alice12', 'I enjoyed reading this book.', 4, '2025-04-27 16:57:04'),
(415, 'alice12', 'A well-written book.', 1, '2025-04-27 16:57:04'),
(411, 'alice12', 'I loved the characters in this book.', 3, '2025-04-27 16:57:04'),
(427, 'alice29', 'A well-written book.', 1, '2025-04-27 16:57:04'),
(435, 'alice29', 'A well-written book.', 1, '2025-04-27 16:57:04'),
(436, 'alice29', 'I enjoyed reading this book.', 4, '2025-04-27 16:57:04'),
(415, 'alice29', 'An interesting read.', 3, '2025-04-27 16:57:04'),
(419, 'alice29', 'A well-written book.', 4, '2025-04-27 16:57:04'),
(454, 'alice29', 'A captivating story.', 3, '2025-04-27 16:57:04'),
(441, 'alice29', 'The book was just okay.', 3, '2025-04-27 16:57:04'),
(446, 'alice29', 'A captivating story.', 1, '2025-04-27 16:57:04'),
(428, 'alice29', 'This book was amazing!', 4, '2025-04-27 16:57:04'),
(430, 'alice29', 'An interesting read.', 5, '2025-04-27 16:57:04'),
(416, 'alice2', 'The book was just okay.', 3, '2025-04-27 16:57:04'),
(415, 'alice2', 'Not my favorite, but still good.', 5, '2025-04-27 16:57:04'),
(412, 'alice2', 'I enjoyed reading this book.', 4, '2025-04-27 16:57:04'),
(438, 'alice2', 'This book was amazing!', 2, '2025-04-27 16:57:04'),
(454, 'alice2', 'An interesting read.', 1, '2025-04-27 16:57:04'),
(446, 'alice2', 'A well-written book.', 5, '2025-04-27 16:57:04'),
(433, 'alice2', 'The book was just okay.', 4, '2025-04-27 16:57:04'),
(434, 'alice2', 'This book was amazing!', 3, '2025-04-27 16:57:04'),
(453, 'alice2', 'The book was just okay.', 5, '2025-04-27 16:57:04'),
(425, 'alice2', 'A well-written book.', 5, '2025-04-27 16:57:04'),
(417, 'alice31', 'The book was just okay.', 3, '2025-04-27 16:57:04'),
(434, 'alice31', 'A captivating story.', 4, '2025-04-27 16:57:04'),
(413, 'alice31', 'An interesting read.', 2, '2025-04-27 16:57:04'),
(415, 'alice31', 'This book was amazing!', 5, '2025-04-27 16:57:04'),
(426, 'alice31', 'I would recommend this book.', 3, '2025-04-27 16:57:04'),
(431, 'alice31', 'Not my favorite, but still good.', 4, '2025-04-27 16:57:04'),
(421, 'alice31', 'I loved the characters in this book.', 5, '2025-04-27 16:57:04'),
(448, 'alice31', 'I loved the characters in this book.', 1, '2025-04-27 16:57:04'),
(414, 'alice31', 'I enjoyed reading this book.', 1, '2025-04-27 16:57:04'),
(451, 'alice31', 'Not my favorite, but still good.', 5, '2025-04-27 16:57:04'),
(454, 'alice3', 'Not my favorite, but still good.', 5, '2025-04-27 16:57:04'),
(440, 'alice3', 'I enjoyed reading this book.', 3, '2025-04-27 16:57:04'),
(448, 'alice3', 'An interesting read.', 2, '2025-04-27 16:57:04'),
(446, 'alice3', 'A well-written book.', 4, '2025-04-27 16:57:04'),
(413, 'alice3', 'I enjoyed reading this book.', 4, '2025-04-27 16:57:04'),
(442, 'alice3', 'An interesting read.', 3, '2025-04-27 16:57:04'),
(418, 'alice3', 'A captivating story.', 1, '2025-04-27 16:57:04'),
(452, 'alice3', 'A well-written book.', 2, '2025-04-27 16:57:04'),
(435, 'alice3', 'Could have been better.', 4, '2025-04-27 16:57:04'),
(417, 'alice3', 'Not my favorite, but still good.', 1, '2025-04-27 16:57:04'),
(413, 'alice67', 'Could have been better.', 5, '2025-04-27 16:57:04'),
(434, 'alice67', 'I loved the characters in this book.', 1, '2025-04-27 16:57:04'),
(454, 'alice67', 'This book was amazing!', 1, '2025-04-27 16:57:04'),
(432, 'alice67', 'Not my favorite, but still good.', 1, '2025-04-27 16:57:04'),
(416, 'alice67', 'Could have been better.', 5, '2025-04-27 16:57:04'),
(426, 'alice67', 'I enjoyed reading this book.', 5, '2025-04-27 16:57:04'),
(437, 'alice67', 'This book was amazing!', 5, '2025-04-27 16:57:04'),
(429, 'alice67', 'A captivating story.', 2, '2025-04-27 16:57:04'),
(431, 'alice67', 'The book was just okay.', 1, '2025-04-27 16:57:04'),
(414, 'alice67', 'I loved the characters in this book.', 3, '2025-04-27 16:57:04'),
(411, 'alice7', 'I enjoyed reading this book.', 5, '2025-04-27 16:57:04'),
(427, 'alice7', 'A captivating story.', 2, '2025-04-27 16:57:04'),
(445, 'alice7', 'A well-written book.', 4, '2025-04-27 16:57:04'),
(430, 'alice7', 'I would recommend this book.', 3, '2025-04-27 16:57:04'),
(428, 'alice7', 'A captivating story.', 4, '2025-04-27 16:57:04'),
(440, 'alice7', 'The book was just okay.', 1, '2025-04-27 16:57:04'),
(447, 'alice7', 'The book was just okay.', 2, '2025-04-27 16:57:04'),
(442, 'alice7', 'I loved the characters in this book.', 4, '2025-04-27 16:57:04'),
(415, 'alice7', 'The book was just okay.', 4, '2025-04-27 16:57:04'),
(412, 'alice7', 'A well-written book.', 5, '2025-04-27 16:57:04'),
(425, 'alice80', 'I would recommend this book.', 5, '2025-04-27 16:57:04'),
(438, 'alice80', 'This book was amazing!', 1, '2025-04-27 16:57:04'),
(415, 'alice80', 'I enjoyed reading this book.', 4, '2025-04-27 16:57:04'),
(441, 'alice80', 'This book was amazing!', 3, '2025-04-27 16:57:04'),
(450, 'alice80', 'Not my favorite, but still good.', 1, '2025-04-27 16:57:04'),
(433, 'alice80', 'A well-written book.', 1, '2025-04-27 16:57:04'),
(440, 'alice80', 'This book was amazing!', 1, '2025-04-27 16:57:04'),
(439, 'alice80', 'Could have been better.', 1, '2025-04-27 16:57:04'),
(430, 'alice80', 'A captivating story.', 4, '2025-04-27 16:57:04'),
(427, 'alice80', 'An interesting read.', 4, '2025-04-27 16:57:04'),
(438, 'alice83', 'I enjoyed reading this book.', 3, '2025-04-27 16:57:04'),
(414, 'alice83', 'Could have been better.', 5, '2025-04-27 16:57:04'),
(428, 'alice83', 'An interesting read.', 2, '2025-04-27 16:57:04'),
(416, 'alice83', 'This book was amazing!', 1, '2025-04-27 16:57:04'),
(427, 'alice83', 'Could have been better.', 3, '2025-04-27 16:57:04'),
(450, 'alice83', 'The book was just okay.', 4, '2025-04-27 16:57:04'),
(452, 'alice83', 'The book was just okay.', 5, '2025-04-27 16:57:04'),
(442, 'alice83', 'I loved the characters in this book.', 4, '2025-04-27 16:57:04'),
(448, 'alice83', 'I loved the characters in this book.', 4, '2025-04-27 16:57:04'),
(421, 'alice83', 'A well-written book.', 4, '2025-04-27 16:57:04'),
(448, 'alice93', 'The book was just okay.', 3, '2025-04-27 16:57:04'),
(440, 'alice93', 'This book was amazing!', 3, '2025-04-27 16:57:04'),
(438, 'alice93', 'This book was amazing!', 2, '2025-04-27 16:57:04'),
(424, 'alice93', 'Not my favorite, but still good.', 4, '2025-04-27 16:57:04'),
(412, 'alice93', 'I would recommend this book.', 5, '2025-04-27 16:57:04'),
(452, 'alice93', 'An interesting read.', 3, '2025-04-27 16:57:04'),
(433, 'alice93', 'I would recommend this book.', 1, '2025-04-27 16:57:04'),
(453, 'alice93', 'I enjoyed reading this book.', 4, '2025-04-27 16:57:04'),
(431, 'alice93', 'Could have been better.', 5, '2025-04-27 16:57:04'),
(443, 'alice93', 'Could have been better.', 1, '2025-04-27 16:57:04'),
(413, 'bob16', 'I would recommend this book.', 1, '2025-04-27 16:57:04'),
(423, 'bob16', 'I enjoyed reading this book.', 1, '2025-04-27 16:57:04'),
(435, 'bob16', 'I would recommend this book.', 5, '2025-04-27 16:57:04'),
(434, 'bob16', 'I loved the characters in this book.', 3, '2025-04-27 16:57:04'),
(412, 'bob16', 'A captivating story.', 3, '2025-04-27 16:57:04'),
(416, 'bob16', 'Could have been better.', 1, '2025-04-27 16:57:04'),
(427, 'bob16', 'I enjoyed reading this book.', 5, '2025-04-27 16:57:04'),
(420, 'bob16', 'Not my favorite, but still good.', 2, '2025-04-27 16:57:04'),
(417, 'bob16', 'The book was just okay.', 3, '2025-04-27 16:57:04'),
(429, 'bob16', 'I loved the characters in this book.', 1, '2025-04-27 16:57:04'),
(438, 'bob17', 'Could have been better.', 5, '2025-04-27 16:57:04'),
(420, 'bob17', 'Could have been better.', 5, '2025-04-27 16:57:04'),
(448, 'bob17', 'A well-written book.', 1, '2025-04-27 16:57:04'),
(419, 'bob17', 'A well-written book.', 5, '2025-04-27 16:57:04'),
(440, 'bob17', 'I loved the characters in this book.', 3, '2025-04-27 16:57:04'),
(415, 'bob17', 'A captivating story.', 2, '2025-04-27 16:57:04'),
(442, 'bob17', 'A well-written book.', 1, '2025-04-27 16:57:04'),
(428, 'bob17', 'Could have been better.', 4, '2025-04-27 16:57:04'),
(453, 'bob17', 'The book was just okay.', 5, '2025-04-27 16:57:04'),
(443, 'bob17', 'I enjoyed reading this book.', 3, '2025-04-27 16:57:04'),
(436, 'bob20', 'Not my favorite, but still good.', 4, '2025-04-27 16:57:04'),
(414, 'bob20', 'An interesting read.', 2, '2025-04-27 16:57:04'),
(438, 'bob20', 'An interesting read.', 2, '2025-04-27 16:57:04'),
(450, 'bob20', 'The book was just okay.', 5, '2025-04-27 16:57:04'),
(441, 'bob20', 'I enjoyed reading this book.', 3, '2025-04-27 16:57:04'),
(422, 'bob20', 'A captivating story.', 1, '2025-04-27 16:57:04'),
(424, 'bob20', 'Could have been better.', 5, '2025-04-27 16:57:04'),
(447, 'bob20', 'I would recommend this book.', 5, '2025-04-27 16:57:04'),
(412, 'bob20', 'I loved the characters in this book.', 5, '2025-04-27 16:57:04'),
(435, 'bob20', 'I would recommend this book.', 1, '2025-04-27 16:57:04'),
(411, 'bob28', 'The book was just okay.', 2, '2025-04-27 16:57:04'),
(433, 'bob28', 'Could have been better.', 1, '2025-04-27 16:57:04'),
(422, 'bob28', 'This book was amazing!', 1, '2025-04-27 16:57:04'),
(413, 'bob28', 'This book was amazing!', 4, '2025-04-27 16:57:04'),
(417, 'bob28', 'This book was amazing!', 3, '2025-04-27 16:57:04'),
(423, 'bob28', 'I would recommend this book.', 1, '2025-04-27 16:57:04'),
(441, 'bob28', 'An interesting read.', 1, '2025-04-27 16:57:04'),
(414, 'bob28', 'Could have been better.', 4, '2025-04-27 16:57:04'),
(450, 'bob28', 'An interesting read.', 1, '2025-04-27 16:57:04'),
(442, 'bob28', 'Could have been better.', 3, '2025-04-27 16:57:04'),
(453, 'bob34', 'I would recommend this book.', 1, '2025-04-27 16:57:04'),
(452, 'bob34', 'Not my favorite, but still good.', 3, '2025-04-27 16:57:04'),
(428, 'bob34', 'A well-written book.', 5, '2025-04-27 16:57:04'),
(413, 'bob34', 'I loved the characters in this book.', 3, '2025-04-27 16:57:04'),
(447, 'bob34', 'I enjoyed reading this book.', 4, '2025-04-27 16:57:04'),
(431, 'bob34', 'A captivating story.', 3, '2025-04-27 16:57:04'),
(429, 'bob34', 'I would recommend this book.', 1, '2025-04-27 16:57:04'),
(422, 'bob34', 'An interesting read.', 3, '2025-04-27 16:57:04'),
(436, 'bob34', 'I loved the characters in this book.', 1, '2025-04-27 16:57:04'),
(412, 'bob34', 'An interesting read.', 5, '2025-04-27 16:57:04'),
(443, 'bob38', 'A well-written book.', 1, '2025-04-27 16:57:04'),
(432, 'bob38', 'Could have been better.', 3, '2025-04-27 16:57:04'),
(422, 'bob38', 'The book was just okay.', 2, '2025-04-27 16:57:04'),
(436, 'bob38', 'This book was amazing!', 5, '2025-04-27 16:57:04'),
(440, 'bob38', 'Not my favorite, but still good.', 1, '2025-04-27 16:57:04'),
(425, 'bob38', 'An interesting read.', 1, '2025-04-27 16:57:04'),
(430, 'bob38', 'I would recommend this book.', 3, '2025-04-27 16:57:04'),
(437, 'bob38', 'A well-written book.', 3, '2025-04-27 16:57:04'),
(445, 'bob38', 'A well-written book.', 2, '2025-04-27 16:57:04'),
(450, 'bob38', 'A well-written book.', 2, '2025-04-27 16:57:04'),
(412, 'bob41', 'I would recommend this book.', 2, '2025-04-27 16:57:04'),
(445, 'bob41', 'A well-written book.', 3, '2025-04-27 16:57:04'),
(452, 'bob41', 'An interesting read.', 4, '2025-04-27 16:57:04'),
(436, 'bob41', 'A well-written book.', 3, '2025-04-27 16:57:04'),
(439, 'bob41', 'Could have been better.', 4, '2025-04-27 16:57:04'),
(448, 'bob41', 'I enjoyed reading this book.', 2, '2025-04-27 16:57:04'),
(428, 'bob41', 'A captivating story.', 1, '2025-04-27 16:57:04'),
(414, 'bob41', 'The book was just okay.', 1, '2025-04-27 16:57:04'),
(450, 'bob41', 'Not my favorite, but still good.', 5, '2025-04-27 16:57:04'),
(438, 'bob41', 'An interesting read.', 5, '2025-04-27 16:57:04'),
(439, 'bob4', 'I enjoyed reading this book.', 2, '2025-04-27 16:57:04'),
(444, 'bob4', 'Not my favorite, but still good.', 5, '2025-04-27 16:57:04'),
(442, 'bob4', 'A well-written book.', 1, '2025-04-27 16:57:04'),
(436, 'bob4', 'Not my favorite, but still good.', 3, '2025-04-27 16:57:04'),
(424, 'bob4', 'This book was amazing!', 1, '2025-04-27 16:57:04'),
(451, 'bob4', 'A well-written book.', 3, '2025-04-27 16:57:04'),
(446, 'bob4', 'An interesting read.', 5, '2025-04-27 16:57:04'),
(441, 'bob4', 'This book was amazing!', 2, '2025-04-27 16:57:04'),
(432, 'bob4', 'The book was just okay.', 5, '2025-04-27 16:57:04'),
(454, 'bob4', 'I would recommend this book.', 3, '2025-04-27 16:57:04'),
(433, 'bob5', 'I loved the characters in this book.', 2, '2025-04-27 16:57:04'),
(440, 'bob5', 'An interesting read.', 5, '2025-04-27 16:57:04'),
(448, 'bob5', 'The book was just okay.', 5, '2025-04-27 16:57:04'),
(432, 'bob5', 'I would recommend this book.', 4, '2025-04-27 16:57:04'),
(454, 'bob5', 'Could have been better.', 2, '2025-04-27 16:57:04'),
(435, 'bob5', 'This book was amazing!', 1, '2025-04-27 16:57:04'),
(438, 'bob5', 'I enjoyed reading this book.', 5, '2025-04-27 16:57:04'),
(444, 'bob5', 'The book was just okay.', 1, '2025-04-27 16:57:04'),
(452, 'bob5', 'Not my favorite, but still good.', 1, '2025-04-27 16:57:04'),
(416, 'bob5', 'I loved the characters in this book.', 2, '2025-04-27 16:57:04'),
(430, 'bob60', 'I loved the characters in this book.', 2, '2025-04-27 16:57:04'),
(444, 'bob60', 'I would recommend this book.', 1, '2025-04-27 16:57:04'),
(453, 'bob60', 'I would recommend this book.', 5, '2025-04-27 16:57:04'),
(443, 'bob60', 'The book was just okay.', 4, '2025-04-27 16:57:04'),
(415, 'bob60', 'Could have been better.', 1, '2025-04-27 16:57:04'),
(447, 'bob60', 'Could have been better.', 5, '2025-04-27 16:57:04'),
(426, 'bob60', 'A captivating story.', 2, '2025-04-27 16:57:04'),
(416, 'bob60', 'The book was just okay.', 1, '2025-04-27 16:57:04'),
(442, 'bob60', 'I loved the characters in this book.', 4, '2025-04-27 16:57:04'),
(435, 'bob60', 'Not my favorite, but still good.', 4, '2025-04-27 16:57:04'),
(412, 'bob77', 'Could have been better.', 5, '2025-04-27 16:57:04'),
(424, 'bob77', 'A captivating story.', 3, '2025-04-27 16:57:04'),
(432, 'bob77', 'An interesting read.', 4, '2025-04-27 16:57:04'),
(425, 'bob77', 'The book was just okay.', 4, '2025-04-27 16:57:04'),
(427, 'bob77', 'The book was just okay.', 4, '2025-04-27 16:57:04'),
(430, 'bob77', 'Not my favorite, but still good.', 5, '2025-04-27 16:57:04'),
(440, 'bob77', 'The book was just okay.', 1, '2025-04-27 16:57:04'),
(416, 'bob77', 'I would recommend this book.', 5, '2025-04-27 16:57:04'),
(420, 'bob77', 'This book was amazing!', 5, '2025-04-27 16:57:04'),
(413, 'bob77', 'I would recommend this book.', 1, '2025-04-27 16:57:04'),
(422, 'bob86', 'The book was just okay.', 5, '2025-04-27 16:57:04'),
(413, 'bob86', 'Not my favorite, but still good.', 4, '2025-04-27 16:57:04'),
(437, 'bob86', 'I enjoyed reading this book.', 5, '2025-04-27 16:57:04'),
(423, 'bob86', 'Could have been better.', 4, '2025-04-27 16:57:04'),
(453, 'bob86', 'A well-written book.', 2, '2025-04-27 16:57:04'),
(427, 'bob86', 'Not my favorite, but still good.', 3, '2025-04-27 16:57:04'),
(454, 'bob86', 'A well-written book.', 2, '2025-04-27 16:57:04'),
(445, 'bob86', 'I loved the characters in this book.', 1, '2025-04-27 16:57:04'),
(425, 'bob86', 'Not my favorite, but still good.', 4, '2025-04-27 16:57:04'),
(440, 'bob86', 'Not my favorite, but still good.', 5, '2025-04-27 16:57:04'),
(421, 'bob89', 'A captivating story.', 2, '2025-04-27 16:57:04'),
(419, 'bob89', 'Could have been better.', 5, '2025-04-27 16:57:04'),
(422, 'bob89', 'I loved the characters in this book.', 3, '2025-04-27 16:57:04'),
(426, 'bob89', 'This book was amazing!', 5, '2025-04-27 16:57:04'),
(443, 'bob89', 'I loved the characters in this book.', 5, '2025-04-27 16:57:04'),
(420, 'bob89', 'An interesting read.', 4, '2025-04-27 16:57:04'),
(440, 'bob89', 'A well-written book.', 5, '2025-04-27 16:57:04'),
(444, 'bob89', 'A captivating story.', 5, '2025-04-27 16:57:04'),
(415, 'bob89', 'A well-written book.', 2, '2025-04-27 16:57:04'),
(446, 'bob89', 'I would recommend this book.', 4, '2025-04-27 16:57:04'),
(432, 'bob92', 'I would recommend this book.', 2, '2025-04-27 16:57:04'),
(448, 'bob92', 'An interesting read.', 2, '2025-04-27 16:57:04'),
(452, 'bob92', 'The book was just okay.', 3, '2025-04-27 16:57:04'),
(416, 'bob92', 'I loved the characters in this book.', 2, '2025-04-27 16:57:04'),
(420, 'bob92', 'Could have been better.', 4, '2025-04-27 16:57:04'),
(428, 'bob92', 'An interesting read.', 1, '2025-04-27 16:57:04'),
(419, 'bob92', 'Could have been better.', 3, '2025-04-27 16:57:04'),
(431, 'bob92', 'I loved the characters in this book.', 2, '2025-04-27 16:57:04'),
(437, 'bob92', 'I loved the characters in this book.', 4, '2025-04-27 16:57:04'),
(413, 'bob92', 'I loved the characters in this book.', 5, '2025-04-27 16:57:04'),
(421, 'charlie25', 'The book was just okay.', 1, '2025-04-27 16:57:04'),
(454, 'charlie25', 'I loved the characters in this book.', 3, '2025-04-27 16:57:04'),
(418, 'charlie25', 'This book was amazing!', 5, '2025-04-27 16:57:04'),
(446, 'charlie25', 'I loved the characters in this book.', 1, '2025-04-27 16:57:04'),
(448, 'charlie25', 'An interesting read.', 2, '2025-04-27 16:57:04'),
(441, 'charlie25', 'A captivating story.', 2, '2025-04-27 16:57:04'),
(453, 'charlie25', 'Not my favorite, but still good.', 3, '2025-04-27 16:57:04'),
(414, 'charlie25', 'An interesting read.', 4, '2025-04-27 16:57:04'),
(452, 'charlie25', 'I would recommend this book.', 5, '2025-04-27 16:57:04'),
(433, 'charlie25', 'An interesting read.', 5, '2025-04-27 16:57:04'),
(414, 'charlie26', 'I loved the characters in this book.', 3, '2025-04-27 16:57:04'),
(426, 'charlie26', 'Could have been better.', 3, '2025-04-27 16:57:04'),
(450, 'charlie26', 'A well-written book.', 3, '2025-04-27 16:57:04'),
(411, 'charlie26', 'This book was amazing!', 1, '2025-04-27 16:57:04'),
(432, 'charlie26', 'I would recommend this book.', 1, '2025-04-27 16:57:04'),
(423, 'charlie26', 'The book was just okay.', 4, '2025-04-27 16:57:04'),
(447, 'charlie26', 'An interesting read.', 3, '2025-04-27 16:57:04'),
(449, 'charlie26', 'Could have been better.', 4, '2025-04-27 16:57:04'),
(437, 'charlie26', 'I loved the characters in this book.', 3, '2025-04-27 16:57:04'),
(413, 'charlie26', 'A well-written book.', 3, '2025-04-27 16:57:04'),
(425, 'charlie35', 'I loved the characters in this book.', 4, '2025-04-27 16:57:04'),
(449, 'charlie35', 'This book was amazing!', 3, '2025-04-27 16:57:04'),
(440, 'charlie35', 'I enjoyed reading this book.', 2, '2025-04-27 16:57:04'),
(447, 'charlie35', 'The book was just okay.', 1, '2025-04-27 16:57:04'),
(436, 'charlie35', 'I loved the characters in this book.', 1, '2025-04-27 16:57:04'),
(438, 'charlie35', 'An interesting read.', 2, '2025-04-27 16:57:04'),
(417, 'charlie35', 'The book was just okay.', 4, '2025-04-27 16:57:04'),
(443, 'charlie35', 'A well-written book.', 5, '2025-04-27 16:57:04'),
(448, 'charlie35', 'Not my favorite, but still good.', 5, '2025-04-27 16:57:04'),
(414, 'charlie35', 'I enjoyed reading this book.', 2, '2025-04-27 16:57:04'),
(426, 'charlie42', 'This book was amazing!', 1, '2025-04-27 16:57:04'),
(451, 'charlie42', 'A well-written book.', 5, '2025-04-27 16:57:04'),
(437, 'charlie42', 'A well-written book.', 4, '2025-04-27 16:57:04'),
(441, 'charlie42', 'A well-written book.', 2, '2025-04-27 16:57:04'),
(411, 'charlie42', 'This book was amazing!', 4, '2025-04-27 16:57:04'),
(422, 'charlie42', 'The book was just okay.', 1, '2025-04-27 16:57:04'),
(416, 'charlie42', 'A captivating story.', 1, '2025-04-27 16:57:04'),
(436, 'charlie42', 'Could have been better.', 3, '2025-04-27 16:57:04'),
(430, 'charlie42', 'An interesting read.', 5, '2025-04-27 16:57:04'),
(415, 'charlie42', 'This book was amazing!', 5, '2025-04-27 16:57:04'),
(418, 'charlie45', 'Not my favorite, but still good.', 1, '2025-04-27 16:57:04'),
(425, 'charlie45', 'The book was just okay.', 3, '2025-04-27 16:57:04'),
(439, 'charlie45', 'I loved the characters in this book.', 5, '2025-04-27 16:57:04'),
(427, 'charlie45', 'Not my favorite, but still good.', 1, '2025-04-27 16:57:04'),
(452, 'charlie45', 'An interesting read.', 5, '2025-04-27 16:57:04'),
(449, 'charlie45', 'An interesting read.', 1, '2025-04-27 16:57:04'),
(416, 'charlie45', 'I enjoyed reading this book.', 3, '2025-04-27 16:57:04'),
(429, 'charlie45', 'I loved the characters in this book.', 4, '2025-04-27 16:57:04'),
(453, 'charlie45', 'A captivating story.', 2, '2025-04-27 16:57:04'),
(433, 'charlie45', 'I enjoyed reading this book.', 2, '2025-04-27 16:57:04'),
(413, 'charlie48', 'This book was amazing!', 2, '2025-04-27 16:57:04'),
(423, 'charlie48', 'I would recommend this book.', 2, '2025-04-27 16:57:04'),
(449, 'charlie48', 'I loved the characters in this book.', 2, '2025-04-27 16:57:04'),
(435, 'charlie48', 'Not my favorite, but still good.', 1, '2025-04-27 16:57:04'),
(416, 'charlie48', 'A well-written book.', 3, '2025-04-27 16:57:04'),
(429, 'charlie48', 'Could have been better.', 2, '2025-04-27 16:57:04'),
(426, 'charlie48', 'A captivating story.', 5, '2025-04-27 16:57:04'),
(420, 'charlie48', 'I loved the characters in this book.', 5, '2025-04-27 16:57:04'),
(447, 'charlie48', 'Not my favorite, but still good.', 5, '2025-04-27 16:57:04'),
(453, 'charlie48', 'An interesting read.', 3, '2025-04-27 16:57:04'),
(438, 'charlie50', 'A captivating story.', 3, '2025-04-27 16:57:04'),
(444, 'charlie50', 'I loved the characters in this book.', 5, '2025-04-27 16:57:04'),
(440, 'charlie50', 'Not my favorite, but still good.', 4, '2025-04-27 16:57:04'),
(437, 'charlie50', 'I would recommend this book.', 1, '2025-04-27 16:57:04'),
(448, 'charlie50', 'A captivating story.', 5, '2025-04-27 16:57:04'),
(449, 'charlie50', 'This book was amazing!', 2, '2025-04-27 16:57:04'),
(421, 'charlie50', 'I loved the characters in this book.', 5, '2025-04-27 16:57:04'),
(424, 'charlie50', 'I enjoyed reading this book.', 4, '2025-04-27 16:57:04'),
(426, 'charlie50', 'Not my favorite, but still good.', 4, '2025-04-27 16:57:04'),
(423, 'charlie50', 'I loved the characters in this book.', 1, '2025-04-27 16:57:04'),
(421, 'charlie57', 'This book was amazing!', 3, '2025-04-27 16:57:04'),
(430, 'charlie57', 'Not my favorite, but still good.', 1, '2025-04-27 16:57:04'),
(438, 'charlie57', 'A captivating story.', 5, '2025-04-27 16:57:04'),
(446, 'charlie57', 'An interesting read.', 1, '2025-04-27 16:57:04'),
(429, 'charlie57', 'The book was just okay.', 2, '2025-04-27 16:57:04'),
(447, 'charlie57', 'I loved the characters in this book.', 1, '2025-04-27 16:57:04'),
(427, 'charlie57', 'Not my favorite, but still good.', 4, '2025-04-27 16:57:04'),
(423, 'charlie57', 'I would recommend this book.', 2, '2025-04-27 16:57:04'),
(416, 'charlie57', 'Not my favorite, but still good.', 4, '2025-04-27 16:57:04'),
(428, 'charlie57', 'I would recommend this book.', 1, '2025-04-27 16:57:04'),
(418, 'charlie74', 'I would recommend this book.', 5, '2025-04-27 16:57:04'),
(440, 'charlie74', 'A captivating story.', 1, '2025-04-27 16:57:04'),
(451, 'charlie74', 'The book was just okay.', 2, '2025-04-27 16:57:04'),
(419, 'charlie74', 'Not my favorite, but still good.', 2, '2025-04-27 16:57:04'),
(414, 'charlie74', 'I enjoyed reading this book.', 1, '2025-04-27 16:57:04'),
(443, 'charlie74', 'A captivating story.', 4, '2025-04-27 16:57:04'),
(452, 'charlie74', 'This book was amazing!', 3, '2025-04-27 16:57:04'),
(438, 'charlie74', 'Could have been better.', 4, '2025-04-27 16:57:04'),
(413, 'charlie74', 'I enjoyed reading this book.', 3, '2025-04-27 16:57:04'),
(425, 'charlie74', 'Could have been better.', 3, '2025-04-27 16:57:04'),
(435, 'charlie78', 'I enjoyed reading this book.', 1, '2025-04-27 16:57:04'),
(448, 'charlie78', 'Could have been better.', 5, '2025-04-27 16:57:04'),
(419, 'charlie78', 'The book was just okay.', 3, '2025-04-27 16:57:04'),
(446, 'charlie78', 'A well-written book.', 5, '2025-04-27 16:57:04'),
(430, 'charlie78', 'I would recommend this book.', 1, '2025-04-27 16:57:04'),
(423, 'charlie78', 'I would recommend this book.', 5, '2025-04-27 16:57:04'),
(441, 'charlie78', 'A captivating story.', 2, '2025-04-27 16:57:04'),
(413, 'charlie78', 'I loved the characters in this book.', 5, '2025-04-27 16:57:04'),
(439, 'charlie78', 'I loved the characters in this book.', 4, '2025-04-27 16:57:04'),
(429, 'charlie78', 'A captivating story.', 5, '2025-04-27 16:57:04'),
(424, 'charlie98', 'A well-written book.', 5, '2025-04-27 16:57:04'),
(452, 'charlie98', 'This book was amazing!', 5, '2025-04-27 16:57:04'),
(440, 'charlie98', 'An interesting read.', 4, '2025-04-27 16:57:04'),
(414, 'charlie98', 'This book was amazing!', 4, '2025-04-27 16:57:04'),
(451, 'charlie98', 'A well-written book.', 3, '2025-04-27 16:57:04'),
(449, 'charlie98', 'This book was amazing!', 1, '2025-04-27 16:57:04'),
(418, 'charlie98', 'A captivating story.', 3, '2025-04-27 16:57:04'),
(453, 'charlie98', 'I would recommend this book.', 2, '2025-04-27 16:57:04'),
(445, 'charlie98', 'An interesting read.', 1, '2025-04-27 16:57:04'),
(447, 'charlie98', 'An interesting read.', 5, '2025-04-27 16:57:04'),
(430, 'charlie99', 'The book was just okay.', 4, '2025-04-27 16:57:04'),
(447, 'charlie99', 'This book was amazing!', 1, '2025-04-27 16:57:04'),
(424, 'charlie99', 'I would recommend this book.', 3, '2025-04-27 16:57:04'),
(429, 'charlie99', 'I enjoyed reading this book.', 2, '2025-04-27 16:57:04'),
(444, 'charlie99', 'A captivating story.', 1, '2025-04-27 16:57:04'),
(431, 'charlie99', 'An interesting read.', 2, '2025-04-27 16:57:04'),
(422, 'charlie99', 'Not my favorite, but still good.', 3, '2025-04-27 16:57:04'),
(441, 'charlie99', 'This book was amazing!', 3, '2025-04-27 16:57:04'),
(420, 'charlie99', 'I would recommend this book.', 3, '2025-04-27 16:57:04'),
(411, 'charlie99', 'The book was just okay.', 1, '2025-04-27 16:57:04'),
(413, 'diana13', 'Could have been better.', 3, '2025-04-27 16:57:04'),
(434, 'diana13', 'This book was amazing!', 2, '2025-04-27 16:57:04'),
(454, 'diana13', 'The book was just okay.', 5, '2025-04-27 16:57:04'),
(432, 'diana13', 'I enjoyed reading this book.', 2, '2025-04-27 16:57:04'),
(433, 'diana13', 'The book was just okay.', 4, '2025-04-27 16:57:04'),
(443, 'diana13', 'I loved the characters in this book.', 5, '2025-04-27 16:57:04'),
(450, 'diana13', 'Not my favorite, but still good.', 2, '2025-04-27 16:57:04'),
(419, 'diana13', 'I loved the characters in this book.', 1, '2025-04-27 16:57:04'),
(445, 'diana13', 'I would recommend this book.', 4, '2025-04-27 16:57:04'),
(420, 'diana13', 'Not my favorite, but still good.', 2, '2025-04-27 16:57:04'),
(449, 'diana15', 'This book was amazing!', 2, '2025-04-27 16:57:04'),
(421, 'diana15', 'The book was just okay.', 5, '2025-04-27 16:57:04'),
(443, 'diana15', 'Could have been better.', 2, '2025-04-27 16:57:04'),
(417, 'diana15', 'Could have been better.', 2, '2025-04-27 16:57:04'),
(433, 'diana15', 'I enjoyed reading this book.', 4, '2025-04-27 16:57:04'),
(428, 'diana15', 'Not my favorite, but still good.', 5, '2025-04-27 16:57:04'),
(439, 'diana15', 'A captivating story.', 2, '2025-04-27 16:57:04'),
(444, 'diana15', 'An interesting read.', 1, '2025-04-27 16:57:04'),
(418, 'diana15', 'This book was amazing!', 2, '2025-04-27 16:57:04'),
(411, 'diana15', 'I loved the characters in this book.', 4, '2025-04-27 16:57:04'),
(412, 'diana24', 'I would recommend this book.', 3, '2025-04-27 16:57:04'),
(443, 'diana24', 'Not my favorite, but still good.', 3, '2025-04-27 16:57:04'),
(419, 'diana24', 'Not my favorite, but still good.', 1, '2025-04-27 16:57:04'),
(415, 'diana24', 'A captivating story.', 1, '2025-04-27 16:57:04'),
(423, 'diana24', 'The book was just okay.', 3, '2025-04-27 16:57:04'),
(424, 'diana24', 'Could have been better.', 4, '2025-04-27 16:57:04'),
(420, 'diana24', 'An interesting read.', 2, '2025-04-27 16:57:04'),
(454, 'diana24', 'The book was just okay.', 1, '2025-04-27 16:57:04'),
(438, 'diana24', 'Could have been better.', 1, '2025-04-27 16:57:04'),
(445, 'diana24', 'The book was just okay.', 3, '2025-04-27 16:57:04'),
(431, 'diana30', 'Could have been better.', 4, '2025-04-27 16:57:04'),
(427, 'diana30', 'Could have been better.', 2, '2025-04-27 16:57:04'),
(437, 'diana30', 'Could have been better.', 1, '2025-04-27 16:57:04'),
(453, 'diana30', 'Could have been better.', 4, '2025-04-27 16:57:04'),
(411, 'diana30', 'Not my favorite, but still good.', 3, '2025-04-27 16:57:04'),
(418, 'diana30', 'A well-written book.', 5, '2025-04-27 16:57:04'),
(445, 'diana30', 'Could have been better.', 4, '2025-04-27 16:57:04'),
(452, 'diana30', 'The book was just okay.', 1, '2025-04-27 16:57:04'),
(454, 'diana30', 'A captivating story.', 1, '2025-04-27 16:57:04'),
(430, 'diana30', 'A well-written book.', 1, '2025-04-27 16:57:04'),
(443, 'diana32', 'I loved the characters in this book.', 4, '2025-04-27 16:57:04'),
(420, 'diana32', 'I enjoyed reading this book.', 2, '2025-04-27 16:57:04'),
(452, 'diana32', 'Not my favorite, but still good.', 4, '2025-04-27 16:57:04'),
(445, 'diana32', 'Could have been better.', 1, '2025-04-27 16:57:04'),
(428, 'diana32', 'I enjoyed reading this book.', 4, '2025-04-27 16:57:04'),
(419, 'diana32', 'The book was just okay.', 3, '2025-04-27 16:57:04'),
(454, 'diana32', 'I loved the characters in this book.', 2, '2025-04-27 16:57:04'),
(433, 'diana32', 'I enjoyed reading this book.', 3, '2025-04-27 16:57:04'),
(444, 'diana32', 'The book was just okay.', 5, '2025-04-27 16:57:04'),
(449, 'diana32', 'A captivating story.', 3, '2025-04-27 16:57:04'),
(441, 'diana36', 'I loved the characters in this book.', 3, '2025-04-27 16:57:04'),
(446, 'diana36', 'This book was amazing!', 5, '2025-04-27 16:57:04'),
(440, 'diana36', 'I would recommend this book.', 5, '2025-04-27 16:57:04'),
(447, 'diana36', 'I would recommend this book.', 2, '2025-04-27 16:57:04'),
(430, 'diana36', 'A captivating story.', 4, '2025-04-27 16:57:04'),
(415, 'diana36', 'Could have been better.', 5, '2025-04-27 16:57:04'),
(439, 'diana36', 'Could have been better.', 2, '2025-04-27 16:57:04'),
(425, 'diana36', 'This book was amazing!', 1, '2025-04-27 16:57:04'),
(437, 'diana36', 'A well-written book.', 1, '2025-04-27 16:57:04'),
(444, 'diana36', 'An interesting read.', 1, '2025-04-27 16:57:04'),
(449, 'diana56', 'This book was amazing!', 3, '2025-04-27 16:57:04'),
(420, 'diana56', 'A well-written book.', 3, '2025-04-27 16:57:04'),
(424, 'diana56', 'I enjoyed reading this book.', 4, '2025-04-27 16:57:04'),
(414, 'diana56', 'A well-written book.', 5, '2025-04-27 16:57:04'),
(430, 'diana56', 'An interesting read.', 3, '2025-04-27 16:57:04'),
(441, 'diana56', 'Not my favorite, but still good.', 5, '2025-04-27 16:57:04'),
(445, 'diana56', 'Not my favorite, but still good.', 2, '2025-04-27 16:57:04'),
(423, 'diana56', 'I would recommend this book.', 2, '2025-04-27 16:57:04'),
(446, 'diana56', 'Not my favorite, but still good.', 3, '2025-04-27 16:57:04'),
(448, 'diana56', 'This book was amazing!', 2, '2025-04-27 16:57:04'),
(452, 'diana6', 'I enjoyed reading this book.', 1, '2025-04-27 16:57:04'),
(415, 'diana6', 'I would recommend this book.', 3, '2025-04-27 16:57:04'),
(453, 'diana6', 'Not my favorite, but still good.', 5, '2025-04-27 16:57:04'),
(448, 'diana6', 'An interesting read.', 5, '2025-04-27 16:57:04'),
(411, 'diana6', 'I loved the characters in this book.', 2, '2025-04-27 16:57:04'),
(436, 'diana6', 'A well-written book.', 2, '2025-04-27 16:57:04'),
(435, 'diana6', 'A well-written book.', 4, '2025-04-27 16:57:04'),
(420, 'diana6', 'Not my favorite, but still good.', 1, '2025-04-27 16:57:04'),
(427, 'diana6', 'I would recommend this book.', 3, '2025-04-27 16:57:04'),
(422, 'diana6', 'This book was amazing!', 2, '2025-04-27 16:57:04'),
(422, 'diana75', 'Could have been better.', 5, '2025-04-27 16:57:04'),
(446, 'diana75', 'I enjoyed reading this book.', 1, '2025-04-27 16:57:04'),
(430, 'diana75', 'A well-written book.', 1, '2025-04-27 16:57:04'),
(443, 'diana75', 'Not my favorite, but still good.', 4, '2025-04-27 16:57:04'),
(434, 'diana75', 'I would recommend this book.', 4, '2025-04-27 16:57:04'),
(415, 'diana75', 'This book was amazing!', 4, '2025-04-27 16:57:04'),
(433, 'diana75', 'Could have been better.', 2, '2025-04-27 16:57:04'),
(447, 'diana75', 'Not my favorite, but still good.', 2, '2025-04-27 16:57:04'),
(442, 'diana75', 'Not my favorite, but still good.', 3, '2025-04-27 16:57:04'),
(448, 'diana75', 'I would recommend this book.', 2, '2025-04-27 16:57:04'),
(434, 'diana84', 'Not my favorite, but still good.', 1, '2025-04-27 16:57:04'),
(454, 'diana84', 'The book was just okay.', 1, '2025-04-27 16:57:04'),
(424, 'diana84', 'An interesting read.', 1, '2025-04-27 16:57:04'),
(429, 'diana84', 'A well-written book.', 5, '2025-04-27 16:57:04'),
(415, 'diana84', 'A captivating story.', 3, '2025-04-27 16:57:04'),
(426, 'diana84', 'I enjoyed reading this book.', 5, '2025-04-27 16:57:04'),
(411, 'diana84', 'A captivating story.', 5, '2025-04-27 16:57:04'),
(418, 'diana84', 'An interesting read.', 3, '2025-04-27 16:57:04'),
(414, 'diana84', 'I would recommend this book.', 3, '2025-04-27 16:57:04'),
(450, 'diana84', 'Not my favorite, but still good.', 2, '2025-04-27 16:57:04'),
(437, 'diana95', 'Could have been better.', 5, '2025-04-27 16:57:04'),
(427, 'diana95', 'I enjoyed reading this book.', 4, '2025-04-27 16:57:04'),
(446, 'diana95', 'An interesting read.', 3, '2025-04-27 16:57:04'),
(429, 'diana95', 'Could have been better.', 2, '2025-04-27 16:57:04'),
(445, 'diana95', 'An interesting read.', 1, '2025-04-27 16:57:04'),
(434, 'diana95', 'I enjoyed reading this book.', 3, '2025-04-27 16:57:04'),
(419, 'diana95', 'A captivating story.', 4, '2025-04-27 16:57:04'),
(447, 'diana95', 'Could have been better.', 1, '2025-04-27 16:57:04'),
(420, 'diana95', 'I enjoyed reading this book.', 3, '2025-04-27 16:57:04'),
(412, 'diana95', 'Could have been better.', 2, '2025-04-27 16:57:04'),
(415, 'edward100', 'I loved the characters in this book.', 1, '2025-04-27 16:57:04'),
(437, 'edward100', 'A captivating story.', 3, '2025-04-27 16:57:04'),
(430, 'edward100', 'A well-written book.', 5, '2025-04-27 16:57:04'),
(440, 'edward100', 'Not my favorite, but still good.', 2, '2025-04-27 16:57:04'),
(420, 'edward100', 'The book was just okay.', 3, '2025-04-27 16:57:04'),
(429, 'edward100', 'A well-written book.', 3, '2025-04-27 16:57:04'),
(436, 'edward100', 'I would recommend this book.', 5, '2025-04-27 16:57:04'),
(433, 'edward100', 'Not my favorite, but still good.', 1, '2025-04-27 16:57:04'),
(452, 'edward100', 'Could have been better.', 3, '2025-04-27 16:57:04'),
(422, 'edward100', 'A well-written book.', 1, '2025-04-27 16:57:04'),
(434, 'edward22', 'I loved the characters in this book.', 4, '2025-04-27 16:57:04'),
(412, 'edward22', 'This book was amazing!', 5, '2025-04-27 16:57:04'),
(436, 'edward22', 'A captivating story.', 2, '2025-04-27 16:57:04'),
(426, 'edward22', 'An interesting read.', 2, '2025-04-27 16:57:04'),
(424, 'edward22', 'The book was just okay.', 4, '2025-04-27 16:57:04'),
(446, 'edward22', 'Not my favorite, but still good.', 3, '2025-04-27 16:57:04'),
(429, 'edward22', 'An interesting read.', 5, '2025-04-27 16:57:04'),
(438, 'edward22', 'Not my favorite, but still good.', 1, '2025-04-27 16:57:04'),
(419, 'edward22', 'A well-written book.', 4, '2025-04-27 16:57:04'),
(423, 'edward22', 'An interesting read.', 1, '2025-04-27 16:57:04'),
(435, 'edward33', 'I enjoyed reading this book.', 5, '2025-04-27 16:57:04'),
(423, 'edward33', 'I loved the characters in this book.', 5, '2025-04-27 16:57:04'),
(437, 'edward33', 'A well-written book.', 4, '2025-04-27 16:57:04'),
(426, 'edward33', 'I enjoyed reading this book.', 4, '2025-04-27 16:57:04'),
(438, 'edward33', 'I would recommend this book.', 5, '2025-04-27 16:57:04'),
(428, 'edward33', 'I loved the characters in this book.', 4, '2025-04-27 16:57:04'),
(447, 'edward33', 'This book was amazing!', 4, '2025-04-27 16:57:04'),
(422, 'edward33', 'Could have been better.', 1, '2025-04-27 16:57:04'),
(420, 'edward33', 'I enjoyed reading this book.', 5, '2025-04-27 16:57:04'),
(417, 'edward33', 'This book was amazing!', 5, '2025-04-27 16:57:04'),
(454, 'edward51', 'A captivating story.', 2, '2025-04-27 16:57:04'),
(443, 'edward51', 'Not my favorite, but still good.', 5, '2025-04-27 16:57:04'),
(435, 'edward51', 'A captivating story.', 4, '2025-04-27 16:57:04'),
(428, 'edward51', 'I loved the characters in this book.', 3, '2025-04-27 16:57:04'),
(441, 'edward51', 'A captivating story.', 2, '2025-04-27 16:57:04'),
(411, 'edward51', 'An interesting read.', 1, '2025-04-27 16:57:04'),
(412, 'edward51', 'I loved the characters in this book.', 5, '2025-04-27 16:57:04'),
(415, 'edward51', 'The book was just okay.', 1, '2025-04-27 16:57:04'),
(419, 'edward51', 'An interesting read.', 3, '2025-04-27 16:57:04'),
(418, 'edward51', 'I loved the characters in this book.', 4, '2025-04-27 16:57:04'),
(446, 'edward52', 'I would recommend this book.', 3, '2025-04-27 16:57:04'),
(438, 'edward52', 'Could have been better.', 3, '2025-04-27 16:57:04'),
(443, 'edward52', 'An interesting read.', 3, '2025-04-27 16:57:04'),
(419, 'edward52', 'A captivating story.', 5, '2025-04-27 16:57:04'),
(444, 'edward52', 'Not my favorite, but still good.', 3, '2025-04-27 16:57:04'),
(428, 'edward52', 'A well-written book.', 3, '2025-04-27 16:57:04'),
(435, 'edward52', 'I loved the characters in this book.', 1, '2025-04-27 16:57:04'),
(445, 'edward52', 'An interesting read.', 3, '2025-04-27 16:57:04'),
(425, 'edward52', 'I enjoyed reading this book.', 5, '2025-04-27 16:57:04'),
(418, 'edward52', 'This book was amazing!', 4, '2025-04-27 16:57:04'),
(428, 'edward53', 'The book was just okay.', 5, '2025-04-27 16:57:04'),
(431, 'edward53', 'A captivating story.', 2, '2025-04-27 16:57:04'),
(429, 'edward53', 'I loved the characters in this book.', 4, '2025-04-27 16:57:04'),
(453, 'edward53', 'Could have been better.', 1, '2025-04-27 16:57:04'),
(439, 'edward53', 'This book was amazing!', 5, '2025-04-27 16:57:04'),
(454, 'edward53', 'I would recommend this book.', 1, '2025-04-27 16:57:04'),
(419, 'edward53', 'An interesting read.', 5, '2025-04-27 16:57:04'),
(422, 'edward53', 'I would recommend this book.', 5, '2025-04-27 16:57:04'),
(445, 'edward53', 'A well-written book.', 4, '2025-04-27 16:57:04'),
(413, 'edward53', 'I enjoyed reading this book.', 2, '2025-04-27 16:57:04'),
(443, 'edward55', 'I loved the characters in this book.', 2, '2025-04-27 16:57:04'),
(432, 'edward55', 'This book was amazing!', 3, '2025-04-27 16:57:04'),
(447, 'edward55', 'I would recommend this book.', 1, '2025-04-27 16:57:04'),
(426, 'edward55', 'Could have been better.', 3, '2025-04-27 16:57:04'),
(428, 'edward55', 'This book was amazing!', 2, '2025-04-27 16:57:04'),
(448, 'edward55', 'I enjoyed reading this book.', 1, '2025-04-27 16:57:04'),
(425, 'edward55', 'A well-written book.', 3, '2025-04-27 16:57:04'),
(438, 'edward55', 'A well-written book.', 5, '2025-04-27 16:57:04'),
(419, 'edward55', 'An interesting read.', 5, '2025-04-27 16:57:04'),
(422, 'edward55', 'Could have been better.', 4, '2025-04-27 16:57:04'),
(451, 'edward58', 'Not my favorite, but still good.', 5, '2025-04-27 16:57:04'),
(450, 'edward58', 'This book was amazing!', 2, '2025-04-27 16:57:04'),
(415, 'edward58', 'This book was amazing!', 5, '2025-04-27 16:57:04'),
(427, 'edward58', 'A well-written book.', 5, '2025-04-27 16:57:04'),
(422, 'edward58', 'A captivating story.', 2, '2025-04-27 16:57:04'),
(434, 'edward58', 'This book was amazing!', 2, '2025-04-27 16:57:04'),
(442, 'edward58', 'The book was just okay.', 2, '2025-04-27 16:57:04'),
(413, 'edward58', 'I would recommend this book.', 1, '2025-04-27 16:57:04'),
(437, 'edward58', 'I loved the characters in this book.', 4, '2025-04-27 16:57:04'),
(412, 'edward58', 'I loved the characters in this book.', 5, '2025-04-27 16:57:04'),
(427, 'edward59', 'This book was amazing!', 5, '2025-04-27 16:57:04'),
(418, 'edward59', 'I enjoyed reading this book.', 4, '2025-04-27 16:57:04'),
(421, 'edward59', 'Not my favorite, but still good.', 1, '2025-04-27 16:57:04'),
(442, 'edward59', 'I enjoyed reading this book.', 2, '2025-04-27 16:57:04'),
(413, 'edward59', 'I would recommend this book.', 2, '2025-04-27 16:57:04'),
(428, 'edward59', 'An interesting read.', 1, '2025-04-27 16:57:04'),
(440, 'edward59', 'Could have been better.', 5, '2025-04-27 16:57:04'),
(432, 'edward59', 'A well-written book.', 2, '2025-04-27 16:57:04'),
(444, 'edward59', 'An interesting read.', 4, '2025-04-27 16:57:04'),
(436, 'edward59', 'I enjoyed reading this book.', 2, '2025-04-27 16:57:04'),
(420, 'edward69', 'I would recommend this book.', 5, '2025-04-27 16:57:04'),
(440, 'edward69', 'Not my favorite, but still good.', 2, '2025-04-27 16:57:04'),
(431, 'edward69', 'I would recommend this book.', 1, '2025-04-27 16:57:04'),
(432, 'edward69', 'A well-written book.', 4, '2025-04-27 16:57:04'),
(445, 'edward69', 'Not my favorite, but still good.', 5, '2025-04-27 16:57:04'),
(449, 'edward69', 'I would recommend this book.', 4, '2025-04-27 16:57:04'),
(452, 'edward69', 'This book was amazing!', 3, '2025-04-27 16:57:04'),
(451, 'edward69', 'The book was just okay.', 3, '2025-04-27 16:57:04'),
(438, 'edward69', 'A captivating story.', 4, '2025-04-27 16:57:04'),
(442, 'edward69', 'This book was amazing!', 3, '2025-04-27 16:57:04'),
(421, 'edward72', 'I would recommend this book.', 1, '2025-04-27 16:57:04'),
(432, 'edward72', 'A well-written book.', 4, '2025-04-27 16:57:04'),
(413, 'edward72', 'This book was amazing!', 1, '2025-04-27 16:57:04'),
(412, 'edward72', 'Could have been better.', 5, '2025-04-27 16:57:04'),
(415, 'edward72', 'This book was amazing!', 3, '2025-04-27 16:57:04'),
(445, 'edward72', 'I enjoyed reading this book.', 3, '2025-04-27 16:57:04'),
(431, 'edward72', 'Not my favorite, but still good.', 5, '2025-04-27 16:57:04'),
(436, 'edward72', 'An interesting read.', 1, '2025-04-27 16:57:04'),
(419, 'edward72', 'A well-written book.', 5, '2025-04-27 16:57:04'),
(438, 'edward72', 'I would recommend this book.', 1, '2025-04-27 16:57:04'),
(429, 'edward76', 'An interesting read.', 1, '2025-04-27 16:57:04'),
(423, 'edward76', 'I loved the characters in this book.', 3, '2025-04-27 16:57:04'),
(442, 'edward76', 'I enjoyed reading this book.', 4, '2025-04-27 16:57:04'),
(427, 'edward76', 'This book was amazing!', 2, '2025-04-27 16:57:04'),
(425, 'edward76', 'The book was just okay.', 2, '2025-04-27 16:57:04'),
(431, 'edward76', 'I would recommend this book.', 2, '2025-04-27 16:57:04'),
(445, 'edward76', 'The book was just okay.', 3, '2025-04-27 16:57:04'),
(415, 'edward76', 'A captivating story.', 5, '2025-04-27 16:57:04'),
(444, 'edward76', 'Could have been better.', 5, '2025-04-27 16:57:04'),
(420, 'edward76', 'A captivating story.', 2, '2025-04-27 16:57:04'),
(428, 'fiona54', 'I would recommend this book.', 4, '2025-04-27 16:57:04'),
(425, 'fiona54', 'An interesting read.', 2, '2025-04-27 16:57:04'),
(450, 'fiona54', 'I enjoyed reading this book.', 5, '2025-04-27 16:57:04'),
(453, 'fiona54', 'A captivating story.', 5, '2025-04-27 16:57:04'),
(436, 'fiona54', 'Not my favorite, but still good.', 2, '2025-04-27 16:57:04'),
(417, 'fiona54', 'This book was amazing!', 3, '2025-04-27 16:57:04'),
(442, 'fiona54', 'Not my favorite, but still good.', 3, '2025-04-27 16:57:04'),
(416, 'fiona54', 'A well-written book.', 1, '2025-04-27 16:57:04'),
(411, 'fiona54', 'I would recommend this book.', 3, '2025-04-27 16:57:04'),
(452, 'fiona54', 'An interesting read.', 4, '2025-04-27 16:57:04'),
(429, 'fiona68', 'I would recommend this book.', 4, '2025-04-27 16:57:04'),
(437, 'fiona68', 'A captivating story.', 4, '2025-04-27 16:57:04'),
(447, 'fiona68', 'The book was just okay.', 4, '2025-04-27 16:57:04'),
(426, 'fiona68', 'A well-written book.', 1, '2025-04-27 16:57:04'),
(432, 'fiona68', 'Could have been better.', 2, '2025-04-27 16:57:04'),
(418, 'fiona68', 'I enjoyed reading this book.', 3, '2025-04-27 16:57:04'),
(449, 'fiona68', 'I enjoyed reading this book.', 2, '2025-04-27 16:57:04'),
(430, 'fiona68', 'The book was just okay.', 2, '2025-04-27 16:57:04'),
(425, 'fiona68', 'A well-written book.', 2, '2025-04-27 16:57:04'),
(443, 'fiona68', 'The book was just okay.', 3, '2025-04-27 16:57:04'),
(412, 'fiona90', 'This book was amazing!', 2, '2025-04-27 16:57:04'),
(425, 'fiona90', 'I would recommend this book.', 5, '2025-04-27 16:57:04'),
(415, 'fiona90', 'A captivating story.', 5, '2025-04-27 16:57:04'),
(413, 'fiona90', 'A captivating story.', 4, '2025-04-27 16:57:04'),
(439, 'fiona90', 'A well-written book.', 1, '2025-04-27 16:57:04'),
(421, 'fiona90', 'A well-written book.', 2, '2025-04-27 16:57:04'),
(442, 'fiona90', 'I enjoyed reading this book.', 1, '2025-04-27 16:57:04'),
(419, 'fiona90', 'Not my favorite, but still good.', 2, '2025-04-27 16:57:04'),
(454, 'fiona90', 'A well-written book.', 4, '2025-04-27 16:57:04'),
(423, 'fiona90', 'The book was just okay.', 1, '2025-04-27 16:57:04'),
(445, 'fiona97', 'I loved the characters in this book.', 5, '2025-04-27 16:57:04'),
(433, 'fiona97', 'An interesting read.', 2, '2025-04-27 16:57:04'),
(417, 'fiona97', 'An interesting read.', 1, '2025-04-27 16:57:04'),
(430, 'fiona97', 'I would recommend this book.', 3, '2025-04-27 16:57:04'),
(446, 'fiona97', 'I loved the characters in this book.', 1, '2025-04-27 16:57:04'),
(442, 'fiona97', 'The book was just okay.', 4, '2025-04-27 16:57:04'),
(421, 'fiona97', 'An interesting read.', 5, '2025-04-27 16:57:04'),
(420, 'fiona97', 'This book was amazing!', 1, '2025-04-27 16:57:04'),
(451, 'fiona97', 'I enjoyed reading this book.', 5, '2025-04-27 16:57:04'),
(423, 'fiona97', 'Not my favorite, but still good.', 1, '2025-04-27 16:57:04'),
(424, 'george1', 'A well-written book.', 3, '2025-04-27 16:57:04'),
(430, 'george1', 'A captivating story.', 4, '2025-04-27 16:57:04'),
(437, 'george1', 'Not my favorite, but still good.', 2, '2025-04-27 16:57:04'),
(419, 'george1', 'I enjoyed reading this book.', 5, '2025-04-27 16:57:04'),
(413, 'george1', 'The book was just okay.', 3, '2025-04-27 16:57:04'),
(427, 'george1', 'A well-written book.', 3, '2025-04-27 16:57:04'),
(453, 'george1', 'Could have been better.', 1, '2025-04-27 16:57:04'),
(450, 'george1', 'Not my favorite, but still good.', 2, '2025-04-27 16:57:04'),
(445, 'george1', 'Not my favorite, but still good.', 5, '2025-04-27 16:57:04'),
(443, 'george1', 'The book was just okay.', 5, '2025-04-27 16:57:04'),
(441, 'george27', 'The book was just okay.', 4, '2025-04-27 16:57:04'),
(413, 'george27', 'This book was amazing!', 5, '2025-04-27 16:57:04'),
(428, 'george27', 'This book was amazing!', 4, '2025-04-27 16:57:04'),
(443, 'george27', 'A well-written book.', 4, '2025-04-27 16:57:04'),
(429, 'george27', 'This book was amazing!', 4, '2025-04-27 16:57:04'),
(442, 'george27', 'I enjoyed reading this book.', 5, '2025-04-27 16:57:04'),
(436, 'george27', 'I loved the characters in this book.', 4, '2025-04-27 16:57:04'),
(416, 'george27', 'Not my favorite, but still good.', 5, '2025-04-27 16:57:04'),
(434, 'george27', 'Could have been better.', 1, '2025-04-27 16:57:04'),
(426, 'george27', 'This book was amazing!', 2, '2025-04-27 16:57:04'),
(417, 'george46', 'I would recommend this book.', 1, '2025-04-27 16:57:04'),
(449, 'george46', 'I loved the characters in this book.', 2, '2025-04-27 16:57:04'),
(447, 'george46', 'I loved the characters in this book.', 2, '2025-04-27 16:57:04'),
(432, 'george46', 'A well-written book.', 4, '2025-04-27 16:57:04'),
(434, 'george46', 'I enjoyed reading this book.', 1, '2025-04-27 16:57:04'),
(439, 'george46', 'I enjoyed reading this book.', 5, '2025-04-27 16:57:04'),
(421, 'george46', 'I would recommend this book.', 2, '2025-04-27 16:57:04'),
(452, 'george46', 'This book was amazing!', 2, '2025-04-27 16:57:04'),
(441, 'george46', 'The book was just okay.', 3, '2025-04-27 16:57:04'),
(444, 'george46', 'A captivating story.', 1, '2025-04-27 16:57:04'),
(443, 'george47', 'I would recommend this book.', 2, '2025-04-27 16:57:04'),
(433, 'george47', 'The book was just okay.', 5, '2025-04-27 16:57:04'),
(444, 'george47', 'This book was amazing!', 3, '2025-04-27 16:57:04'),
(435, 'george47', 'I would recommend this book.', 3, '2025-04-27 16:57:04'),
(436, 'george47', 'Not my favorite, but still good.', 2, '2025-04-27 16:57:04'),
(415, 'george47', 'Could have been better.', 4, '2025-04-27 16:57:04'),
(421, 'george47', 'A captivating story.', 3, '2025-04-27 16:57:04'),
(414, 'george47', 'This book was amazing!', 4, '2025-04-27 16:57:04'),
(428, 'george47', 'The book was just okay.', 4, '2025-04-27 16:57:04'),
(416, 'george47', 'An interesting read.', 2, '2025-04-27 16:57:04'),
(453, 'george70', 'I loved the characters in this book.', 3, '2025-04-27 16:57:04'),
(434, 'george70', 'I would recommend this book.', 1, '2025-04-27 16:57:04'),
(448, 'george70', 'The book was just okay.', 3, '2025-04-27 16:57:04'),
(415, 'george70', 'Could have been better.', 5, '2025-04-27 16:57:04'),
(431, 'george70', 'A captivating story.', 5, '2025-04-27 16:57:04'),
(416, 'george70', 'I loved the characters in this book.', 5, '2025-04-27 16:57:04'),
(427, 'george70', 'Not my favorite, but still good.', 5, '2025-04-27 16:57:04'),
(425, 'george70', 'Not my favorite, but still good.', 1, '2025-04-27 16:57:04'),
(433, 'george70', 'I enjoyed reading this book.', 4, '2025-04-27 16:57:04'),
(411, 'george70', 'A well-written book.', 5, '2025-04-27 16:57:04'),
(425, 'george71', 'Could have been better.', 5, '2025-04-27 16:57:04'),
(453, 'george71', 'Not my favorite, but still good.', 3, '2025-04-27 16:57:04'),
(418, 'george71', 'A captivating story.', 1, '2025-04-27 16:57:04'),
(439, 'george71', 'This book was amazing!', 5, '2025-04-27 16:57:04'),
(441, 'george71', 'A well-written book.', 5, '2025-04-27 16:57:04'),
(443, 'george71', 'An interesting read.', 2, '2025-04-27 16:57:04'),
(424, 'george71', 'Could have been better.', 5, '2025-04-27 16:57:04'),
(437, 'george71', 'I would recommend this book.', 2, '2025-04-27 16:57:04'),
(431, 'george71', 'An interesting read.', 3, '2025-04-27 16:57:04');
INSERT INTO `reviews` (`book_id`, `username`, `review`, `rating`, `created_at`) VALUES
(419, 'george71', 'A captivating story.', 2, '2025-04-27 16:57:04'),
(412, 'hannah10', 'An interesting read.', 5, '2025-04-27 16:57:04'),
(437, 'hannah10', 'Could have been better.', 4, '2025-04-27 16:57:04'),
(431, 'hannah10', 'A well-written book.', 3, '2025-04-27 16:57:04'),
(424, 'hannah10', 'Could have been better.', 1, '2025-04-27 16:57:04'),
(447, 'hannah10', 'The book was just okay.', 2, '2025-04-27 16:57:04'),
(429, 'hannah10', 'I enjoyed reading this book.', 5, '2025-04-27 16:57:04'),
(411, 'hannah10', 'I loved the characters in this book.', 3, '2025-04-27 16:57:04'),
(427, 'hannah10', 'Not my favorite, but still good.', 4, '2025-04-27 16:57:04'),
(451, 'hannah10', 'Not my favorite, but still good.', 4, '2025-04-27 16:57:04'),
(445, 'hannah10', 'This book was amazing!', 2, '2025-04-27 16:57:04'),
(424, 'hannah21', 'A captivating story.', 1, '2025-04-27 16:57:04'),
(436, 'hannah21', 'A well-written book.', 3, '2025-04-27 16:57:04'),
(433, 'hannah21', 'I enjoyed reading this book.', 5, '2025-04-27 16:57:04'),
(418, 'hannah21', 'I loved the characters in this book.', 4, '2025-04-27 16:57:04'),
(447, 'hannah21', 'I loved the characters in this book.', 1, '2025-04-27 16:57:04'),
(431, 'hannah21', 'I loved the characters in this book.', 1, '2025-04-27 16:57:04'),
(440, 'hannah21', 'This book was amazing!', 4, '2025-04-27 16:57:04'),
(454, 'hannah21', 'Could have been better.', 5, '2025-04-27 16:57:04'),
(422, 'hannah21', 'Could have been better.', 4, '2025-04-27 16:57:04'),
(434, 'hannah21', 'The book was just okay.', 4, '2025-04-27 16:57:04'),
(415, 'hannah43', 'I loved the characters in this book.', 5, '2025-04-27 16:57:04'),
(453, 'hannah43', 'This book was amazing!', 2, '2025-04-27 16:57:04'),
(435, 'hannah43', 'I would recommend this book.', 1, '2025-04-27 16:57:04'),
(450, 'hannah43', 'Not my favorite, but still good.', 2, '2025-04-27 16:57:04'),
(419, 'hannah43', 'A well-written book.', 1, '2025-04-27 16:57:04'),
(447, 'hannah43', 'The book was just okay.', 1, '2025-04-27 16:57:04'),
(426, 'hannah43', 'An interesting read.', 2, '2025-04-27 16:57:04'),
(441, 'hannah43', 'This book was amazing!', 3, '2025-04-27 16:57:04'),
(430, 'hannah43', 'An interesting read.', 5, '2025-04-27 16:57:04'),
(446, 'hannah43', 'An interesting read.', 4, '2025-04-27 16:57:04'),
(448, 'hannah61', 'Not my favorite, but still good.', 1, '2025-04-27 16:57:04'),
(426, 'hannah61', 'The book was just okay.', 3, '2025-04-27 16:57:04'),
(439, 'hannah61', 'Not my favorite, but still good.', 3, '2025-04-27 16:57:04'),
(437, 'hannah61', 'Not my favorite, but still good.', 5, '2025-04-27 16:57:04'),
(454, 'hannah61', 'The book was just okay.', 1, '2025-04-27 16:57:04'),
(416, 'hannah61', 'Could have been better.', 4, '2025-04-27 16:57:04'),
(432, 'hannah61', 'I enjoyed reading this book.', 2, '2025-04-27 16:57:04'),
(441, 'hannah61', 'The book was just okay.', 4, '2025-04-27 16:57:04'),
(419, 'hannah61', 'Not my favorite, but still good.', 1, '2025-04-27 16:57:04'),
(453, 'hannah61', 'An interesting read.', 4, '2025-04-27 16:57:04'),
(433, 'hannah62', 'The book was just okay.', 3, '2025-04-27 16:57:04'),
(444, 'hannah62', 'I loved the characters in this book.', 5, '2025-04-27 16:57:04'),
(453, 'hannah62', 'The book was just okay.', 1, '2025-04-27 16:57:04'),
(428, 'hannah62', 'The book was just okay.', 2, '2025-04-27 16:57:04'),
(449, 'hannah62', 'I loved the characters in this book.', 1, '2025-04-27 16:57:04'),
(420, 'hannah62', 'Not my favorite, but still good.', 5, '2025-04-27 16:57:04'),
(427, 'hannah62', 'The book was just okay.', 5, '2025-04-27 16:57:04'),
(414, 'hannah62', 'This book was amazing!', 2, '2025-04-27 16:57:04'),
(415, 'hannah62', 'I loved the characters in this book.', 5, '2025-04-27 16:57:04'),
(446, 'hannah62', 'I enjoyed reading this book.', 5, '2025-04-27 16:57:04'),
(413, 'hannah66', 'A well-written book.', 1, '2025-04-27 16:57:04'),
(416, 'hannah66', 'I enjoyed reading this book.', 3, '2025-04-27 16:57:04'),
(411, 'hannah66', 'I would recommend this book.', 5, '2025-04-27 16:57:04'),
(439, 'hannah66', 'A captivating story.', 4, '2025-04-27 16:57:04'),
(453, 'hannah66', 'Could have been better.', 3, '2025-04-27 16:57:04'),
(437, 'hannah66', 'An interesting read.', 1, '2025-04-27 16:57:04'),
(448, 'hannah66', 'This book was amazing!', 4, '2025-04-27 16:57:04'),
(446, 'hannah66', 'A captivating story.', 2, '2025-04-27 16:57:04'),
(414, 'hannah66', 'This book was amazing!', 4, '2025-04-27 16:57:04'),
(419, 'hannah66', 'The book was just okay.', 2, '2025-04-27 16:57:04'),
(451, 'hannah82', 'I enjoyed reading this book.', 5, '2025-04-27 16:57:04'),
(416, 'hannah82', 'I would recommend this book.', 5, '2025-04-27 16:57:04'),
(453, 'hannah82', 'I would recommend this book.', 2, '2025-04-27 16:57:04'),
(448, 'hannah82', 'A well-written book.', 3, '2025-04-27 16:57:04'),
(439, 'hannah82', 'I enjoyed reading this book.', 2, '2025-04-27 16:57:04'),
(434, 'hannah82', 'Could have been better.', 2, '2025-04-27 16:57:04'),
(429, 'hannah82', 'An interesting read.', 3, '2025-04-27 16:57:04'),
(445, 'hannah82', 'An interesting read.', 1, '2025-04-27 16:57:04'),
(435, 'hannah82', 'Could have been better.', 3, '2025-04-27 16:57:04'),
(414, 'hannah82', 'The book was just okay.', 4, '2025-04-27 16:57:04'),
(423, 'hannah85', 'A captivating story.', 5, '2025-04-27 16:57:04'),
(411, 'hannah85', 'A well-written book.', 4, '2025-04-27 16:57:04'),
(437, 'hannah85', 'This book was amazing!', 1, '2025-04-27 16:57:04'),
(435, 'hannah85', 'Not my favorite, but still good.', 4, '2025-04-27 16:57:04'),
(424, 'hannah85', 'Not my favorite, but still good.', 4, '2025-04-27 16:57:04'),
(434, 'hannah85', 'I would recommend this book.', 5, '2025-04-27 16:57:04'),
(440, 'hannah85', 'This book was amazing!', 2, '2025-04-27 16:57:04'),
(446, 'hannah85', 'A captivating story.', 1, '2025-04-27 16:57:04'),
(420, 'hannah85', 'I loved the characters in this book.', 2, '2025-04-27 16:57:04'),
(447, 'hannah85', 'An interesting read.', 1, '2025-04-27 16:57:04'),
(447, 'hannah91', 'I enjoyed reading this book.', 5, '2025-04-27 16:57:04'),
(415, 'hannah91', 'Could have been better.', 4, '2025-04-27 16:57:04'),
(413, 'hannah91', 'I would recommend this book.', 5, '2025-04-27 16:57:04'),
(445, 'hannah91', 'This book was amazing!', 1, '2025-04-27 16:57:04'),
(434, 'hannah91', 'The book was just okay.', 1, '2025-04-27 16:57:04'),
(417, 'hannah91', 'This book was amazing!', 5, '2025-04-27 16:57:04'),
(428, 'hannah91', 'I would recommend this book.', 1, '2025-04-27 16:57:04'),
(423, 'hannah91', 'An interesting read.', 5, '2025-04-27 16:57:04'),
(450, 'hannah91', 'The book was just okay.', 1, '2025-04-27 16:57:04'),
(430, 'hannah91', 'The book was just okay.', 4, '2025-04-27 16:57:04'),
(437, 'hannah94', 'I would recommend this book.', 5, '2025-04-27 16:57:04'),
(433, 'hannah94', 'A well-written book.', 2, '2025-04-27 16:57:04'),
(412, 'hannah94', 'An interesting read.', 4, '2025-04-27 16:57:04'),
(436, 'hannah94', 'A well-written book.', 5, '2025-04-27 16:57:04'),
(422, 'hannah94', 'Could have been better.', 1, '2025-04-27 16:57:04'),
(447, 'hannah94', 'I enjoyed reading this book.', 1, '2025-04-27 16:57:04'),
(411, 'hannah94', 'The book was just okay.', 1, '2025-04-27 16:57:04'),
(429, 'hannah94', 'The book was just okay.', 4, '2025-04-27 16:57:04'),
(448, 'hannah94', 'Could have been better.', 1, '2025-04-27 16:57:04'),
(449, 'hannah94', 'The book was just okay.', 2, '2025-04-27 16:57:04'),
(442, 'A_god', 'I would recommend this book.', 1, '2025-04-27 16:57:04'),
(412, 'A_god', 'A well-written book.', 4, '2025-04-27 16:57:04'),
(452, 'A_god', 'I loved the characters in this book.', 4, '2025-04-27 16:57:04'),
(449, 'A_god', 'The book was just okay.', 3, '2025-04-27 16:57:04'),
(425, 'A_god', 'An interesting read.', 3, '2025-04-27 16:57:04'),
(447, 'A_god', 'I would recommend this book.', 5, '2025-04-27 16:57:04'),
(430, 'A_god', 'I would recommend this book.', 3, '2025-04-27 16:57:04'),
(448, 'A_god', 'The book was just okay.', 5, '2025-04-27 16:57:04'),
(446, 'A_god', 'I enjoyed reading this book.', 2, '2025-04-27 16:57:04'),
(444, 'A_god', 'An interesting read.', 5, '2025-04-27 16:57:04'),
(447, 'jane14', 'Could have been better.', 5, '2025-04-27 16:57:04'),
(423, 'jane14', 'A captivating story.', 1, '2025-04-27 16:57:04'),
(417, 'jane14', 'An interesting read.', 5, '2025-04-27 16:57:04'),
(452, 'jane14', 'I enjoyed reading this book.', 3, '2025-04-27 16:57:04'),
(435, 'jane14', 'Could have been better.', 3, '2025-04-27 16:57:04'),
(450, 'jane14', 'Could have been better.', 2, '2025-04-27 16:57:04'),
(436, 'jane14', 'A well-written book.', 4, '2025-04-27 16:57:04'),
(421, 'jane14', 'The book was just okay.', 2, '2025-04-27 16:57:04'),
(451, 'jane14', 'I enjoyed reading this book.', 5, '2025-04-27 16:57:04'),
(426, 'jane14', 'Not my favorite, but still good.', 4, '2025-04-27 16:57:04'),
(429, 'jane37', 'A captivating story.', 4, '2025-04-27 16:57:04'),
(430, 'jane37', 'A captivating story.', 5, '2025-04-27 16:57:04'),
(416, 'jane37', 'A well-written book.', 5, '2025-04-27 16:57:04'),
(444, 'jane37', 'I loved the characters in this book.', 3, '2025-04-27 16:57:04'),
(443, 'jane37', 'I would recommend this book.', 3, '2025-04-27 16:57:04'),
(426, 'jane37', 'The book was just okay.', 2, '2025-04-27 16:57:04'),
(434, 'jane37', 'Not my favorite, but still good.', 3, '2025-04-27 16:57:04'),
(435, 'jane37', 'I loved the characters in this book.', 3, '2025-04-27 16:57:04'),
(437, 'jane37', 'The book was just okay.', 1, '2025-04-27 16:57:04'),
(431, 'jane37', 'I loved the characters in this book.', 3, '2025-04-27 16:57:04'),
(429, 'jane39', 'This book was amazing!', 5, '2025-04-27 16:57:04'),
(448, 'jane39', 'Not my favorite, but still good.', 5, '2025-04-27 16:57:04'),
(452, 'jane39', 'I would recommend this book.', 1, '2025-04-27 16:57:04'),
(436, 'jane39', 'I loved the characters in this book.', 3, '2025-04-27 16:57:04'),
(432, 'jane39', 'I enjoyed reading this book.', 3, '2025-04-27 16:57:04'),
(439, 'jane39', 'I enjoyed reading this book.', 3, '2025-04-27 16:57:04'),
(441, 'jane39', 'I enjoyed reading this book.', 1, '2025-04-27 16:57:04'),
(427, 'jane39', 'Not my favorite, but still good.', 5, '2025-04-27 16:57:04'),
(435, 'jane39', 'I loved the characters in this book.', 1, '2025-04-27 16:57:04'),
(413, 'jane39', 'Not my favorite, but still good.', 5, '2025-04-27 16:57:04'),
(411, 'jane44', 'A well-written book.', 5, '2025-04-27 16:57:04'),
(434, 'jane44', 'I would recommend this book.', 4, '2025-04-27 16:57:04'),
(420, 'jane44', 'I enjoyed reading this book.', 3, '2025-04-27 16:57:04'),
(437, 'jane44', 'This book was amazing!', 2, '2025-04-27 16:57:04'),
(449, 'jane44', 'I loved the characters in this book.', 2, '2025-04-27 16:57:04'),
(413, 'jane44', 'This book was amazing!', 5, '2025-04-27 16:57:04'),
(427, 'jane44', 'I enjoyed reading this book.', 2, '2025-04-27 16:57:04'),
(435, 'jane44', 'I loved the characters in this book.', 2, '2025-04-27 16:57:04'),
(417, 'jane44', 'I enjoyed reading this book.', 2, '2025-04-27 16:57:04'),
(415, 'jane44', 'Could have been better.', 5, '2025-04-27 16:57:04'),
(438, 'jane49', 'An interesting read.', 3, '2025-04-27 16:57:04'),
(417, 'jane49', 'This book was amazing!', 3, '2025-04-27 16:57:04'),
(411, 'jane49', 'A captivating story.', 2, '2025-04-27 16:57:04'),
(448, 'jane49', 'A captivating story.', 5, '2025-04-27 16:57:04'),
(449, 'jane49', 'I enjoyed reading this book.', 5, '2025-04-27 16:57:04'),
(420, 'jane49', 'I enjoyed reading this book.', 5, '2025-04-27 16:57:04'),
(430, 'jane49', 'I loved the characters in this book.', 4, '2025-04-27 16:57:04'),
(418, 'jane49', 'I loved the characters in this book.', 1, '2025-04-27 16:57:04'),
(429, 'jane49', 'I would recommend this book.', 3, '2025-04-27 16:57:04'),
(445, 'jane49', 'A captivating story.', 4, '2025-04-27 16:57:04'),
(412, 'jane63', 'The book was just okay.', 3, '2025-04-27 16:57:04'),
(415, 'jane63', 'I loved the characters in this book.', 2, '2025-04-27 16:57:04'),
(434, 'jane63', 'Not my favorite, but still good.', 5, '2025-04-27 16:57:04'),
(414, 'jane63', 'I enjoyed reading this book.', 3, '2025-04-27 16:57:04'),
(436, 'jane63', 'This book was amazing!', 1, '2025-04-27 16:57:04'),
(430, 'jane63', 'This book was amazing!', 4, '2025-04-27 16:57:04'),
(447, 'jane63', 'I enjoyed reading this book.', 1, '2025-04-27 16:57:04'),
(418, 'jane63', 'A captivating story.', 4, '2025-04-27 16:57:04'),
(448, 'jane63', 'The book was just okay.', 3, '2025-04-27 16:57:04'),
(444, 'jane63', 'A captivating story.', 5, '2025-04-27 16:57:04'),
(430, 'jane87', 'A captivating story.', 4, '2025-04-27 16:57:04'),
(427, 'jane87', 'I would recommend this book.', 1, '2025-04-27 16:57:04'),
(449, 'jane87', 'This book was amazing!', 1, '2025-04-27 16:57:04'),
(414, 'jane87', 'A captivating story.', 3, '2025-04-27 16:57:04'),
(445, 'jane87', 'A captivating story.', 5, '2025-04-27 16:57:04'),
(413, 'jane87', 'The book was just okay.', 5, '2025-04-27 16:57:04'),
(428, 'jane87', 'I enjoyed reading this book.', 4, '2025-04-27 16:57:04'),
(441, 'jane87', 'I loved the characters in this book.', 2, '2025-04-27 16:57:04'),
(444, 'jane87', 'An interesting read.', 3, '2025-04-27 16:57:04'),
(450, 'jane87', 'Could have been better.', 2, '2025-04-27 16:57:04'),
(449, 'jane88', 'Could have been better.', 4, '2025-04-27 16:57:04'),
(421, 'jane88', 'This book was amazing!', 4, '2025-04-27 16:57:04'),
(446, 'jane88', 'Not my favorite, but still good.', 5, '2025-04-27 16:57:04'),
(426, 'jane88', 'This book was amazing!', 5, '2025-04-27 16:57:04'),
(415, 'jane88', 'I loved the characters in this book.', 5, '2025-04-27 16:57:04'),
(454, 'jane88', 'A captivating story.', 1, '2025-04-27 16:57:04'),
(439, 'jane88', 'Could have been better.', 2, '2025-04-27 16:57:04'),
(420, 'jane88', 'Not my favorite, but still good.', 4, '2025-04-27 16:57:04'),
(451, 'jane88', 'Could have been better.', 5, '2025-04-27 16:57:04'),
(443, 'jane88', 'I enjoyed reading this book.', 4, '2025-04-27 16:57:04'),
(443, 'jane8', 'The book was just okay.', 1, '2025-04-27 16:57:04'),
(421, 'jane8', 'An interesting read.', 2, '2025-04-27 16:57:04'),
(452, 'jane8', 'A captivating story.', 3, '2025-04-27 16:57:04'),
(446, 'jane8', 'The book was just okay.', 1, '2025-04-27 16:57:04'),
(415, 'jane8', 'A captivating story.', 5, '2025-04-27 16:57:04'),
(424, 'jane8', 'A well-written book.', 3, '2025-04-27 16:57:04'),
(416, 'jane8', 'Could have been better.', 3, '2025-04-27 16:57:04'),
(432, 'jane8', 'I enjoyed reading this book.', 1, '2025-04-27 16:57:04'),
(449, 'jane8', 'Could have been better.', 2, '2025-04-27 16:57:04'),
(418, 'jane8', 'I loved the characters in this book.', 1, '2025-04-27 16:57:04'),
(445, 'jane9', 'A captivating story.', 4, '2025-04-27 16:57:04'),
(424, 'jane9', 'I loved the characters in this book.', 3, '2025-04-27 16:57:04'),
(423, 'jane9', 'A captivating story.', 1, '2025-04-27 16:57:04'),
(431, 'jane9', 'The book was just okay.', 4, '2025-04-27 16:57:04'),
(426, 'jane9', 'I enjoyed reading this book.', 5, '2025-04-27 16:57:04'),
(412, 'jane9', 'Could have been better.', 1, '2025-04-27 16:57:04'),
(437, 'jane9', 'A captivating story.', 1, '2025-04-27 16:57:04'),
(433, 'jane9', 'Could have been better.', 3, '2025-04-27 16:57:04'),
(444, 'jane9', 'Could have been better.', 1, '2025-04-27 16:57:04'),
(449, 'jane9', 'I would recommend this book.', 1, '2025-04-27 16:57:04'),
(446, 'john18', 'The book was just okay.', 4, '2025-04-27 16:57:04'),
(440, 'john18', 'I would recommend this book.', 5, '2025-04-27 16:57:04'),
(411, 'john18', 'Not my favorite, but still good.', 2, '2025-04-27 16:57:04'),
(451, 'john18', 'A captivating story.', 4, '2025-04-27 16:57:04'),
(454, 'john18', 'The book was just okay.', 3, '2025-04-27 16:57:04'),
(412, 'john18', 'I loved the characters in this book.', 2, '2025-04-27 16:57:04'),
(418, 'john18', 'Not my favorite, but still good.', 4, '2025-04-27 16:57:04'),
(417, 'john18', 'I enjoyed reading this book.', 2, '2025-04-27 16:57:04'),
(439, 'john18', 'Could have been better.', 2, '2025-04-27 16:57:04'),
(421, 'john18', 'The book was just okay.', 5, '2025-04-27 16:57:04'),
(426, 'john19', 'Could have been better.', 2, '2025-04-27 16:57:04'),
(429, 'john19', 'I enjoyed reading this book.', 4, '2025-04-27 16:57:04'),
(417, 'john19', 'I loved the characters in this book.', 2, '2025-04-27 16:57:04'),
(434, 'john19', 'I enjoyed reading this book.', 3, '2025-04-27 16:57:04'),
(444, 'john19', 'Could have been better.', 4, '2025-04-27 16:57:04'),
(431, 'john19', 'The book was just okay.', 4, '2025-04-27 16:57:04'),
(447, 'john19', 'A well-written book.', 1, '2025-04-27 16:57:04'),
(422, 'john19', 'I loved the characters in this book.', 3, '2025-04-27 16:57:04'),
(450, 'john19', 'A captivating story.', 1, '2025-04-27 16:57:04'),
(412, 'john19', 'I would recommend this book.', 2, '2025-04-27 16:57:04'),
(454, 'john23', 'Not my favorite, but still good.', 5, '2025-04-27 16:57:04'),
(430, 'john23', 'A well-written book.', 4, '2025-04-27 16:57:04'),
(438, 'john23', 'I enjoyed reading this book.', 5, '2025-04-27 16:57:04'),
(419, 'john23', 'The book was just okay.', 3, '2025-04-27 16:57:04'),
(446, 'john23', 'I would recommend this book.', 1, '2025-04-27 16:57:04'),
(415, 'john23', 'An interesting read.', 5, '2025-04-27 16:57:04'),
(448, 'john23', 'I would recommend this book.', 3, '2025-04-27 16:57:04'),
(433, 'john23', 'Not my favorite, but still good.', 3, '2025-04-27 16:57:04'),
(423, 'john23', 'A well-written book.', 5, '2025-04-27 16:57:04'),
(420, 'john23', 'A well-written book.', 2, '2025-04-27 16:57:04'),
(453, 'john40', 'Could have been better.', 4, '2025-04-27 16:57:04'),
(450, 'john40', 'I enjoyed reading this book.', 5, '2025-04-27 16:57:04'),
(442, 'john40', 'I would recommend this book.', 5, '2025-04-27 16:57:04'),
(412, 'john40', 'An interesting read.', 5, '2025-04-27 16:57:04'),
(422, 'john40', 'I would recommend this book.', 3, '2025-04-27 16:57:04'),
(433, 'john40', 'I enjoyed reading this book.', 3, '2025-04-27 16:57:04'),
(448, 'john40', 'A captivating story.', 3, '2025-04-27 16:57:04'),
(431, 'john40', 'A well-written book.', 1, '2025-04-27 16:57:04'),
(441, 'john40', 'I enjoyed reading this book.', 2, '2025-04-27 16:57:04'),
(454, 'john40', 'A captivating story.', 4, '2025-04-27 16:57:04'),
(425, 'john64', 'A captivating story.', 4, '2025-04-27 16:57:04'),
(451, 'john64', 'I enjoyed reading this book.', 4, '2025-04-27 16:57:04'),
(411, 'john64', 'A well-written book.', 5, '2025-04-27 16:57:04'),
(430, 'john64', 'I enjoyed reading this book.', 2, '2025-04-27 16:57:04'),
(439, 'john64', 'Could have been better.', 5, '2025-04-27 16:57:04'),
(418, 'john64', 'A captivating story.', 2, '2025-04-27 16:57:04'),
(437, 'john64', 'A captivating story.', 1, '2025-04-27 16:57:04'),
(420, 'john64', 'A captivating story.', 3, '2025-04-27 16:57:04'),
(448, 'john64', 'I would recommend this book.', 5, '2025-04-27 16:57:04'),
(447, 'john64', 'This book was amazing!', 4, '2025-04-27 16:57:04'),
(411, 'john65', 'An interesting read.', 3, '2025-04-27 16:57:04'),
(447, 'john65', 'I would recommend this book.', 1, '2025-04-27 16:57:04'),
(451, 'john65', 'I loved the characters in this book.', 2, '2025-04-27 16:57:04'),
(454, 'john65', 'A captivating story.', 4, '2025-04-27 16:57:04'),
(443, 'john65', 'Not my favorite, but still good.', 2, '2025-04-27 16:57:04'),
(420, 'john65', 'I enjoyed reading this book.', 1, '2025-04-27 16:57:04'),
(452, 'john65', 'This book was amazing!', 1, '2025-04-27 16:57:04'),
(434, 'john65', 'This book was amazing!', 1, '2025-04-27 16:57:04'),
(427, 'john65', 'Could have been better.', 2, '2025-04-27 16:57:04'),
(432, 'john65', 'I loved the characters in this book.', 1, '2025-04-27 16:57:04'),
(414, 'john73', 'Could have been better.', 1, '2025-04-27 16:57:04'),
(447, 'john73', 'This book was amazing!', 5, '2025-04-27 16:57:04'),
(421, 'john73', 'I enjoyed reading this book.', 4, '2025-04-27 16:57:04'),
(440, 'john73', 'I loved the characters in this book.', 3, '2025-04-27 16:57:04'),
(448, 'john73', 'I loved the characters in this book.', 4, '2025-04-27 16:57:04'),
(416, 'john73', 'I enjoyed reading this book.', 2, '2025-04-27 16:57:04'),
(418, 'john73', 'An interesting read.', 2, '2025-04-27 16:57:04'),
(431, 'john73', 'The book was just okay.', 3, '2025-04-27 16:57:04'),
(450, 'john73', 'I enjoyed reading this book.', 5, '2025-04-27 16:57:04'),
(454, 'john73', 'Not my favorite, but still good.', 1, '2025-04-27 16:57:04'),
(434, 'john79', 'I enjoyed reading this book.', 1, '2025-04-27 16:57:04'),
(440, 'john79', 'An interesting read.', 4, '2025-04-27 16:57:04'),
(413, 'john79', 'This book was amazing!', 3, '2025-04-27 16:57:04'),
(444, 'john79', 'I enjoyed reading this book.', 1, '2025-04-27 16:57:04'),
(416, 'john79', 'Could have been better.', 5, '2025-04-27 16:57:04'),
(442, 'john79', 'This book was amazing!', 3, '2025-04-27 16:57:04'),
(447, 'john79', 'I would recommend this book.', 2, '2025-04-27 16:57:04'),
(446, 'john79', 'A captivating story.', 4, '2025-04-27 16:57:04'),
(432, 'john79', 'I would recommend this book.', 1, '2025-04-27 16:57:04'),
(430, 'john79', 'This book was amazing!', 2, '2025-04-27 16:57:04'),
(411, 'john81', 'I loved the characters in this book.', 2, '2025-04-27 16:57:04'),
(454, 'john81', 'I would recommend this book.', 4, '2025-04-27 16:57:04'),
(435, 'john81', 'This book was amazing!', 5, '2025-04-27 16:57:04'),
(413, 'john81', 'A captivating story.', 1, '2025-04-27 16:57:04'),
(433, 'john81', 'Not my favorite, but still good.', 5, '2025-04-27 16:57:04'),
(452, 'john81', 'A well-written book.', 5, '2025-04-27 16:57:04'),
(429, 'john81', 'The book was just okay.', 1, '2025-04-27 16:57:04'),
(436, 'john81', 'Could have been better.', 5, '2025-04-27 16:57:04'),
(453, 'john81', 'Could have been better.', 3, '2025-04-27 16:57:04'),
(414, 'john81', 'I would recommend this book.', 5, '2025-04-27 16:57:04'),
(444, 'john96', 'A well-written book.', 1, '2025-04-27 16:57:04'),
(446, 'john96', 'A captivating story.', 3, '2025-04-27 16:57:04'),
(423, 'john96', 'I would recommend this book.', 1, '2025-04-27 16:57:04'),
(421, 'john96', 'I loved the characters in this book.', 2, '2025-04-27 16:57:04'),
(438, 'john96', 'I enjoyed reading this book.', 4, '2025-04-27 16:57:04'),
(453, 'john96', 'An interesting read.', 3, '2025-04-27 16:57:04'),
(439, 'john96', 'I loved the characters in this book.', 5, '2025-04-27 16:57:04'),
(448, 'john96', 'I loved the characters in this book.', 5, '2025-04-27 16:57:04'),
(433, 'john96', 'I would recommend this book.', 3, '2025-04-27 16:57:04'),
(449, 'john96', 'I loved the characters in this book.', 1, '2025-04-27 16:57:04'),
(446, 'msp', 'This book was amazing!', 3, '2025-04-27 16:57:04'),
(452, 'msp', 'I enjoyed reading this book.', 5, '2025-04-27 16:57:04'),
(448, 'msp', 'I would recommend this book.', 4, '2025-04-27 16:57:04'),
(437, 'msp', 'This book was amazing!', 3, '2025-04-27 16:57:04'),
(434, 'msp', 'A well-written book.', 4, '2025-04-27 16:57:04'),
(454, 'msp', 'Could have been better.', 1, '2025-04-27 16:57:04'),
(427, 'msp', 'This book was amazing!', 4, '2025-04-27 16:57:04'),
(411, 'msp', 'An interesting read.', 3, '2025-04-27 16:57:04'),
(450, 'msp', 'A captivating story.', 4, '2025-04-27 16:57:04'),
(426, 'msp', 'This book was amazing!', 2, '2025-04-27 16:57:04');

-- --------------------------------------------------------

--
-- Table structure for table `staff`
--

CREATE TABLE `staff` (
  `FIRSTNAME` varchar(100) NOT NULL,
  `LASTNAME` varchar(100) NOT NULL,
  `STAFFID` varchar(100) NOT NULL,
  `EMAIL` varchar(100) DEFAULT NULL,
  `DEPARTMENT` varchar(100) NOT NULL
) ENGINE=InnoDB DEFAULT CHARSET=utf8mb4 COLLATE=utf8mb4_general_ci;

--
-- Dumping data for table `staff`
--

INSERT INTO `staff` (`FIRSTNAME`, `LASTNAME`, `STAFFID`, `EMAIL`, `DEPARTMENT`) VALUES
('IMPRISONED', 'MATYR', 'CMYMCM', 'imprisoned_matyr@hotmail.com', 'Librarian');

-- --------------------------------------------------------

--
-- Table structure for table `users`
--

CREATE TABLE `users` (
  `firstname` varchar(50) NOT NULL,
  `lastname` varchar(50) NOT NULL,
  `username` varchar(50) NOT NULL,
  `email` varchar(50) NOT NULL,
  `password` varchar(255) NOT NULL,
  `staffid` varchar(50) DEFAULT NULL,
  `is_staff` tinyint(1) NOT NULL DEFAULT 0,
  `is_banned` tinyint(1) DEFAULT NULL
) ENGINE=InnoDB DEFAULT CHARSET=utf8mb4 COLLATE=utf8mb4_general_ci;

--
-- Dumping data for table `users`
--

INSERT INTO `users` (`firstname`, `lastname`, `username`, `email`, `password`, `staffid`, `is_staff`, `is_banned`) VALUES
('Alice', 'Brown', 'alice11', 'alice11@example.com', '0970a12ca6633e9371aa487d446a338442b9d6d8f3366db54aa7eac82ceedb7e', NULL, 0, NULL),
('Alice', 'Davis', 'alice12', 'alice12@example.com', 'a8b85bed233e685a5b44758cb5d847417aac595b4759828b75a2d7721bc7898c', NULL, 0, NULL),
('Alice', 'Davis', 'alice2', 'alice2@example.com', '7d93022d03fd384b0103cc3a7035193eb6cc6063f62786eed54570ddfd27bfaa', NULL, 0, NULL),
('Alice', 'Miller', 'alice29', 'alice29@example.com', '8697292ab3c9a94f119951e6ea0817f1becc5c4105ce3ce7f7288ad80154bf69', NULL, 0, NULL),
('Alice', 'Smith', 'alice3', 'alice3@example.com', '09701c19a2207317ee91df98d492c722f092437e9ef8e6772079e7609412d184', NULL, 0, NULL),
('Alice', 'Smith', 'alice31', 'alice31@example.com', 'b0748318eeb49dd053dceed28667ed1019bc8c4cd0b98db36c3f966836a13057', NULL, 0, NULL),
('Alice', 'Smith', 'alice67', 'alice67@example.com', '5924cc744295e0052a3aeee392f0f3693d70818061d6ca0574cd6de9acaf6574', NULL, 0, NULL),
('Alice', 'Jones', 'alice7', 'alice7@example.com', 'e40b36ca6df928d50672bd36efffc462a3059cb0fbda897c9559b83f17c4aed9', NULL, 0, NULL),
('Alice', 'Johnson', 'alice80', 'alice80@example.com', 'bd856b355737d293ec42cf4498c0e0d5f4aa16f6c8d79b936236fc8d76e5a42f', NULL, 0, NULL),
('Alice', 'Moore', 'alice83', 'alice83@example.com', 'cb6d9077f72d6768c36013983b0e3c7203fb307c0cf4b0ef8da818a2c421d9d9', NULL, 0, NULL),
('Alice', 'Johnson', 'alice93', 'alice93@example.com', 'e6a8c303b99f082436649180263421c86e5c1c407bf2c05c6a2d275bb9c4db34', NULL, 0, NULL),
('Imprisoned', 'matyr', 'A_god', 'imprisoned_matyr@hotmail.com', '$2y$10$BlrrJ82z3oyD6WRC05BYKuX.vYHwNDQDWk0q5HBWt05TTjMug0PSe', 'CMYMCM', 1, 0),
('Bob', 'Johnson', 'bob16', 'bob16@example.com', '91b9746d831e2080cd81b09727d4178fc80445a475b30c0e143796964e6206cd', NULL, 0, NULL),
('Bob', 'Taylor', 'bob17', 'bob17@example.com', '7071bb49294a36e682e092f9500f062b909728cb6576399d0dc564e9309d1193', NULL, 0, NULL),
('Bob', 'Jones', 'bob20', 'bob20@example.com', '3ae6408ce966083a01cbd36c544f7fc2376a8b7752aacae6136d1098a466ab34', NULL, 0, NULL),
('Bob', 'Wilson', 'bob28', 'bob28@example.com', 'b74deadf2237685e2257fea3fada45ee6b761171d190be4859319d73c044c7e0', NULL, 0, NULL),
('Bob', 'Johnson', 'bob34', 'bob34@example.com', '1cb8e7c1b3e52be1033463fad4f5bcf9b8bae85c7f5d649498c3d2974edd90c9', NULL, 0, NULL),
('Bob', 'Moore', 'bob38', 'bob38@example.com', '75c6727661ee21defd79a8e0d7977af091267485d25edc47b34d9e1979ed097f', NULL, 0, NULL),
('Bob', 'Brown', 'bob4', 'bob4@example.com', '1db541bc95acc667f562280fd25e221484248f79daecb2529a60c3042761d013', NULL, 0, NULL),
('Bob', 'Taylor', 'bob41', 'bob41@example.com', '7d81daef022df425d80220115ef7d2c2fa23860d6a4690a029cda84644123e2f', NULL, 0, NULL),
('Bob', 'Johnson', 'bob5', 'bob5@example.com', 'cc409395d533b2aa1971179335d08c4bbbbcce13195e18cbc53bd4d06ef59b0b', NULL, 0, NULL),
('Bob', 'Moore', 'bob60', 'bob60@example.com', '5a09652fb5aa7f870308f65712a03f7842db71ed059d39e9ed636779bfe6ca15', NULL, 0, NULL),
('Bob', 'Wilson', 'bob77', 'bob77@example.com', '5ad1545e9cb663bb6219acaf9a4f53c8c7b2a1466346fce77da3e800bc860c15', NULL, 0, NULL),
('Bob', 'Williams', 'bob86', 'bob86@example.com', '144b6b7867cebc0162b16f30e7243e160f120a1cd12e98022fdc141fb3e6374b', NULL, 0, NULL),
('Bob', 'Smith', 'bob89', 'bob89@example.com', 'db29981688181effb8ed5cf21bad4b32cead8b60bb3f1fd1e465d75e41bffd63', NULL, 0, NULL),
('Bob', 'Miller', 'bob92', 'bob92@example.com', '58e8b9f2956bf8657ee4953307091dc2adc7139b74f3c393287110641eceab25', NULL, 0, NULL),
('Charlie', 'Davis', 'charlie25', 'charlie25@example.com', 'baf5560a07afa78778a8dd8e6dadb1b013bf027216cc7822e175d855b25fd2d2', NULL, 0, NULL),
('Charlie', 'Miller', 'charlie26', 'charlie26@example.com', '4f0144f13b8a5afad09ee78e906436430185caf4402d1a4293ee044c6fc7a802', NULL, 0, NULL),
('Charlie', 'Johnson', 'charlie35', 'charlie35@example.com', '23d3e7e945d70f4b7a39df48f5bfeaa1654d242aea8d680f523030ace3cf9ac4', NULL, 0, NULL),
('Charlie', 'Jones', 'charlie42', 'charlie42@example.com', 'f324c996b1ba223d8cd187eed950dac4692e24b3e7da587584125e7e7d39a574', NULL, 0, NULL),
('Charlie', 'Brown', 'charlie45', 'charlie45@example.com', '65896bbb3d1691714cf8efc61238d8a41a45347dacb272f12de75276dded87d3', NULL, 0, NULL),
('Charlie', 'Brown', 'charlie48', 'charlie48@example.com', 'f832b122173b06679755f3192b9642a247f79df9138fae4d72b3ef7d87066ae7', NULL, 0, NULL),
('Charlie', 'Williams', 'charlie50', 'charlie50@example.com', '267a29dea2391889d0a4977ce164eff89c3ff6a3882cc2476422780277c52119', NULL, 0, NULL),
('Charlie', 'Davis', 'charlie57', 'charlie57@example.com', '56855e91707203fc184f1787f74ffcdf413e90b2bc06b1c6204503b22a18eacd', NULL, 0, NULL),
('Charlie', 'Moore', 'charlie74', 'charlie74@example.com', 'daac824b0377b6f4a28938fa83c6e6f37cf6825b13e3a92c8758ae9cb959c059', NULL, 0, NULL),
('Charlie', 'Miller', 'charlie78', 'charlie78@example.com', '44e3c5962adb7ccd4d961fe41291180bfbe944239cf8bdd6666f8a73b03b59b5', NULL, 0, NULL),
('Charlie', 'Moore', 'charlie98', 'charlie98@example.com', 'c27b054e2461e73e84e7640cc621a2421a2ccafc9dd93013ca184bdc633bf6f1', NULL, 0, NULL),
('Charlie', 'Moore', 'charlie99', 'charlie99@example.com', 'e4ffd434f773ef6b26b74e4dca68ac1242fc7f7cb50a917be1fcf1b34b56ca5e', NULL, 0, NULL),
('Diana', 'Moore', 'diana13', 'diana13@example.com', '335f3de92d684ca7c27f504588ad6e825cc3dd6180b46b7cb1b1270acc87f87d', NULL, 0, NULL),
('Diana', 'Smith', 'diana15', 'diana15@example.com', '7d23e62d35ea47c198acc8463fbf5a27b0e7ee9096be2a6b89d11ef8f54b4171', NULL, 0, NULL),
('Diana', 'Smith', 'diana24', 'diana24@example.com', '974ee99ef7c4c5b23fe24622b7cb2cba0f9bab6bc85256df16bec852fd9c9471', NULL, 0, NULL),
('Diana', 'Smith', 'diana30', 'diana30@example.com', '4b284370901c3ecdfdd210ad927b168d382c4aa59875e5b0a12565ecaa032b31', NULL, 0, NULL),
('Diana', 'Davis', 'diana32', 'diana32@example.com', '6d0adeff53dd66622995d5da212f6db230cfd8e316e8e0170bf680a03841ab7e', NULL, 0, NULL),
('Diana', 'Moore', 'diana36', 'diana36@example.com', '22cd81f43a3258f7d86695e9619963afbb8ac63fa9710324d2ce514d29e34577', NULL, 0, NULL),
('Diana', 'Taylor', 'diana56', 'diana56@example.com', '27830852a09358e851aed63d278eee3a081abe8a897320e48edb65f1931cc2d2', NULL, 0, NULL),
('Diana', 'Taylor', 'diana6', 'diana6@example.com', '9df9e96cbf92e2f8f70923743f1e734538c158d18df62fe60211f9bef05def4c', NULL, 0, NULL),
('Diana', 'Miller', 'diana75', 'diana75@example.com', '39d4fc52c2ad3baaedf31b94e995081679b30ce06ff94a15cff453cfd993ac23', NULL, 0, NULL),
('Diana', 'Johnson', 'diana84', 'diana84@example.com', '24c9a01de282a5fba14dd7f862bf35d1adcd43be497e48f30a22132d9dd6e46d', NULL, 0, NULL),
('Diana', 'Jones', 'diana95', 'diana95@example.com', 'd0b1ce9987a7d0bc2ebfbaf7d202ca53fba2ac1b321ff6f1992e14fa63180a79', NULL, 0, NULL),
('Edward', 'Taylor', 'edward100', 'edward100@example.com', '26a8f5e891e60646e332d4483e57f10113e130251fb0585ece8fe23194054a50', NULL, 0, NULL),
('Edward', 'Moore', 'edward22', 'edward22@example.com', 'fc11f48928dabda60f16fe484875e7527c3fdb050f7438e45642b4476fe67011', NULL, 0, NULL),
('Edward', 'Smith', 'edward33', 'edward33@example.com', 'fffc2a4538f75961a846413f98caa4a77c5ae3d82134b82d408d27e79f620706', NULL, 0, NULL),
('Edward', 'Brown', 'edward51', 'edward51@example.com', '7dfdbe73a5ffef002f2fe2697bc52f6062eaeedc88eab8433d572299d5a36411', NULL, 0, NULL),
('Edward', 'Jones', 'edward52', 'edward52@example.com', '39f0f3a949d31b43d2851df1b4694e95effe439ddb569a893ab72cf0feb2eb1e', NULL, 0, NULL),
('Edward', 'Smith', 'edward53', 'edward53@example.com', '123ee3215ea51d0bfe1a0ddfb747a57ca5faf7cca9e2e78699d354584904bc9f', NULL, 0, NULL),
('Edward', 'Brown', 'edward55', 'edward55@example.com', '1bb67c7d8e71bf0dab8ac93b6badbd8b3c77f1b210278bd5383a74e50cfc1e90', NULL, 0, NULL),
('Edward', 'Johnson', 'edward58', 'edward58@example.com', '4ea14109ce29883289066cbfb0d0ef007f4c5cc69a54dd76ed8b2050fe2631c8', NULL, 0, NULL),
('Edward', 'Smith', 'edward59', 'edward59@example.com', '6b1cc60caf3b69f8f3d7763041078ad906250368bf24ea142bf00c36e2237693', NULL, 0, NULL),
('Edward', 'Miller', 'edward69', 'edward69@example.com', 'a269352f81dbd71ccb17bd49b32be2ac175e9a0dc7a6ef11a709e6e852651b99', NULL, 0, NULL),
('Edward', 'Taylor', 'edward72', 'edward72@example.com', 'd33004411ef74a6a2aea4dff806d86a40323658cda424b369f1ebd44ff5a8185', NULL, 0, NULL),
('Edward', 'Davis', 'edward76', 'edward76@example.com', '02cb3d5d22530816a5e9828dcd94fcb64da9cdaad7890dfd96281e2063df9698', NULL, 0, NULL),
('Fiona', 'Wilson', 'fiona54', 'fiona54@example.com', '639f53bb87b93ea40637da6bfa862e92d81ffeececf62569f2c12f6985ed910d', NULL, 0, NULL),
('Fiona', 'Smith', 'fiona68', 'fiona68@example.com', '080d9db67b9c58bc08bc79b8326408e787e1b9f513292c1444a44e794f64ea03', NULL, 0, NULL),
('Fiona', 'Davis', 'fiona90', 'fiona90@example.com', '6ae5694d006b71666a957621eb5ab858bab262bd4d40c88b8b81e61935e31265', NULL, 0, NULL),
('Fiona', 'Wilson', 'fiona97', 'fiona97@example.com', '50eb6628725d7169d2c72890b38481a7cd004eaf5f19b19bb703ec81bfafaefb', NULL, 0, NULL),
('George', 'Johnson', 'george1', 'george1@example.com', '7ffa2d4a657dda6a84b76727679a7aec47cbb384ca61e6dfac188ccd9612eebe', NULL, 0, NULL),
('George', 'Jones', 'george27', 'george27@example.com', '3d47e37bf5416d409ecc42253c47e40206805fa0b1b153b52e48997c9367e57c', NULL, 0, NULL),
('George', 'Taylor', 'george46', 'george46@example.com', '91e92ea1b46f39176a7986033c3c75393c21fe0a682e301d5581207f049df88b', NULL, 0, NULL),
('George', 'Taylor', 'george47', 'george47@example.com', '1ef763b045cf918262d2605f7d37fef96e39a5fade78b8c5f9eb2d9321e1b601', NULL, 0, NULL),
('George', 'Davis', 'george70', 'george70@example.com', '0e38c12c9b06abb638a4f7cb86975fd8fc7fe872cd54d47d4b6f24b862a2cf03', NULL, 0, NULL),
('George', 'Jones', 'george71', 'george71@example.com', 'c4648d69aaff67a60a64fb21bbab4f3b8a8bb5d247cdc07bdcd2a8287242a3e3', NULL, 0, NULL),
('Hannah', 'Jones', 'hannah10', 'hannah10@example.com', '1151416d7d448c8306a1a1b3e13d927592f66204a9c69483e94e65963b70c9d9', NULL, 0, NULL),
('Hannah', 'Taylor', 'hannah21', 'hannah21@example.com', '4888d8d39e8cae99265b239d4852d291a487603d929e85c6ff5aa20353561909', NULL, 0, NULL),
('Hannah', 'Taylor', 'hannah43', 'hannah43@example.com', 'ca91bceb9351cdc2ed724477085cc7a596ca3abe04a9b71cfb4c9343287e9bec', NULL, 0, NULL),
('Hannah', 'Jones', 'hannah61', 'hannah61@example.com', '24723ad5e4c01c57af6dafa6ebb1c36b534193099bb622bcce19b44796e30e3d', NULL, 0, NULL),
('Hannah', 'Jones', 'hannah62', 'hannah62@example.com', 'afa633b6ce99b75700fb61cab30a1499a924126b4f8cc0fc5157379fcbaa9fb8', NULL, 0, NULL),
('Hannah', 'Taylor', 'hannah66', 'hannah66@example.com', 'b168c35a0911f29636c7a1df45cb5504448d6e1312590af0dcc482492b6baa96', NULL, 0, NULL),
('Hannah', 'Miller', 'hannah82', 'hannah82@example.com', '088c59691597016333b78df4eee5248e3f191f93f355ae7c81eb112a3e169bca', NULL, 0, NULL),
('Hannah', 'Wilson', 'hannah85', 'hannah85@example.com', '467a028de41466c72e4f21f0df0182565d49bf1e9f87737fb36659ff528436d3', NULL, 0, NULL),
('Hannah', 'Wilson', 'hannah91', 'hannah91@example.com', '47c32f7941a8ae3d2c0eadf0a729fbadcf16bee4acf005e6f9247e4020ccec3c', NULL, 0, NULL),
('Hannah', 'Williams', 'hannah94', 'hannah94@example.com', '8c3524a007b787d7ab83acc804e24af60982b7bbac4083641568d8ae58134d55', NULL, 0, NULL),
('Jane', 'Smith', 'jane14', 'jane14@example.com', '716dc87a9f5924bd02bc02c81c0ab2e628e7ff75dee965e2f07d89d3315c32a7', NULL, 0, NULL),
('Jane', 'Brown', 'jane37', 'jane37@example.com', '013ddda318fa4e09d3829fc36d2b12a6393682df2c36ebadc6301dd54eee1df8', NULL, 0, NULL),
('Jane', 'Jones', 'jane39', 'jane39@example.com', 'c88ca66cac5cae04024ae930eae501c15d3bed17c59e7659fad12b6f2fddc0d9', NULL, 0, NULL),
('Jane', 'Williams', 'jane44', 'jane44@example.com', '305ed97e059dd9f20e006cfbdcded390c3c596494b515ede40726ff6271bf1fd', NULL, 0, NULL),
('Jane', 'Davis', 'jane49', 'jane49@example.com', '9050cf5bde04915b75562df8084dfa5674f7013ed166b1fad03071cb01d60f56', NULL, 0, NULL),
('Jane', 'Davis', 'jane63', 'jane63@example.com', 'e4a76432ccfe4d1e3488495d6e49f895cfa278b002dca0dfd3bfac89b3cf062a', NULL, 0, NULL),
('Jane', 'Jones', 'jane8', 'jane8@example.com', '87fd5ff2b61cde7a02149116fe8c8830362dcb38ee04662c06c295199b8d17be', NULL, 0, NULL),
('Jane', 'Taylor', 'jane87', 'jane87@example.com', '7dc250a8e8e1c9f9fd3a6d945a2d07c267574f9c39afea3af2804449a001d62a', NULL, 0, NULL),
('Jane', 'Miller', 'jane88', 'jane88@example.com', '2bed4601dbd50788f80e248fef1eb86e83f16276d11c3532789c2dbcb570d096', NULL, 0, NULL),
('Jane', 'Davis', 'jane9', 'jane9@example.com', '5aa64384c71822439fcf4206e14e1c00e856bde75aae601df075bb058b0182c4', NULL, 0, NULL),
('John', 'Jones', 'john18', 'john18@example.com', '382305a5954e09797fdf201ca135db202f5840e95df181aa305eb40f162ba51a', NULL, 0, NULL),
('John', 'Wilson', 'john19', 'john19@example.com', '4d2ac5dfa3ab6c3fd124a71184d8e8e576c72dd8c069d8a38df44b88e81cee22', NULL, 0, NULL),
('John', 'Wilson', 'john23', 'john23@example.com', '4b3c7ea6832d6ecb085b807bcbc4584f364e31a420c28282058333f161921a18', NULL, 0, NULL),
('John', 'Taylor', 'john40', 'john40@example.com', 'cf035fcbd93b608ebd6733264fd86d19f10fa36410639f5b6e411f9478684a40', NULL, 0, NULL),
('John', 'Miller', 'john64', 'john64@example.com', '55e9fe7e0ecde6ae86af29971c7e32150b8b9a8d0398867843f89c7d7c26e471', NULL, 0, NULL),
('John', 'Wilson', 'john65', 'john65@example.com', 'cac8236df0bf3abcf4db69ef3a9f326253c8c54096d7e6f4247556c055134fe5', NULL, 0, NULL),
('John', 'Brown', 'john73', 'john73@example.com', '90aabe0ce9271dd7618356fbc93c00d1671b9b810f97133c0c3c396b23f76627', NULL, 0, NULL),
('John', 'Wilson', 'john79', 'john79@example.com', '332d51beadcbcfedfbbfc58070ec039eb6d985fef8d6c0a0ce58faac8b9d42eb', NULL, 0, NULL),
('John', 'Jones', 'john81', 'john81@example.com', '3b128184d66751e11dfa3c57f119830f0774a7fbd2976c72645c6c10c85ed021', NULL, 0, NULL),
('John', 'Miller', 'john96', 'john96@example.com', '33037e4c3c01f56bd0b6862f97d955ea1cd9be969d9a30e0e4a4a20401c1c8bc', NULL, 0, NULL),
('mandre', 'sqmson pol ', 'msp', 'samsonshay@outlook.com', '$2y$10$udv7OYtZBKOgpwLxuwHubumbI1SKQV0C99DmpgK1WRkdrFjeQ2M1G', NULL, 0, 0);

-- --------------------------------------------------------

--
-- Table structure for table `user_experience`
--

CREATE TABLE `user_experience` (
  `user_review` text DEFAULT NULL,
  `user_stars` int(11) DEFAULT NULL,
  `username` varchar(50) NOT NULL
) ENGINE=InnoDB DEFAULT CHARSET=utf8mb4 COLLATE=utf8mb4_general_ci;

--
-- Indexes for dumped tables
--

--
-- Indexes for table `books`
--
ALTER TABLE `books`
  ADD PRIMARY KEY (`book_id`);

--
-- Indexes for table `content`
--
ALTER TABLE `content`
  ADD PRIMARY KEY (`ChapterID`),
  ADD KEY `fk_id` (`book_id`);

--
-- Indexes for table `failures`
--
ALTER TABLE `failures`
  ADD PRIMARY KEY (`id`);

--
-- Indexes for table `favorite_books`
--
ALTER TABLE `favorite_books`
  ADD UNIQUE KEY `book_id` (`book_id`,`username`),
  ADD KEY `fk` (`username`);

--
-- Indexes for table `reviews`
--
ALTER TABLE `reviews`
  ADD KEY `fk_rev` (`book_id`),
  ADD KEY `fk_rev_user` (`username`);

--
-- Indexes for table `staff`
--
ALTER TABLE `staff`
  ADD PRIMARY KEY (`STAFFID`);

--
-- Indexes for table `users`
--
ALTER TABLE `users`
  ADD PRIMARY KEY (`username`),
  ADD UNIQUE KEY `email` (`email`),
  ADD KEY `fk_staffid` (`staffid`);

--
-- Indexes for table `user_experience`
--
ALTER TABLE `user_experience`
  ADD PRIMARY KEY (`username`);

--
-- AUTO_INCREMENT for dumped tables
--

--
-- AUTO_INCREMENT for table `books`
--
ALTER TABLE `books`
  MODIFY `book_id` int(11) NOT NULL AUTO_INCREMENT, AUTO_INCREMENT=455;

--
-- AUTO_INCREMENT for table `content`
--
ALTER TABLE `content`
  MODIFY `ChapterID` int(11) NOT NULL AUTO_INCREMENT, AUTO_INCREMENT=7;

--
-- AUTO_INCREMENT for table `failures`
--
ALTER TABLE `failures`
  MODIFY `id` int(11) NOT NULL AUTO_INCREMENT, AUTO_INCREMENT=3;

--
-- Constraints for dumped tables
--

--
-- Constraints for table `content`
--
ALTER TABLE `content`
  ADD CONSTRAINT `fk_id` FOREIGN KEY (`book_id`) REFERENCES `books` (`book_id`) ON UPDATE CASCADE;

--
-- Constraints for table `favorite_books`
--
ALTER TABLE `favorite_books`
  ADD CONSTRAINT `favorite_books_ibfk_1` FOREIGN KEY (`book_id`) REFERENCES `books` (`book_id`) ON DELETE CASCADE ON UPDATE CASCADE,
  ADD CONSTRAINT `fk` FOREIGN KEY (`username`) REFERENCES `users` (`username`) ON DELETE CASCADE ON UPDATE CASCADE;

--
-- Constraints for table `reviews`
--
ALTER TABLE `reviews`
  ADD CONSTRAINT `fk_rev` FOREIGN KEY (`book_id`) REFERENCES `books` (`book_id`) ON DELETE CASCADE ON UPDATE CASCADE,
  ADD CONSTRAINT `fk_rev_user` FOREIGN KEY (`username`) REFERENCES `users` (`username`) ON DELETE CASCADE ON UPDATE CASCADE;

--
-- Constraints for table `users`
--
ALTER TABLE `users`
  ADD CONSTRAINT `fk_staffid` FOREIGN KEY (`staffid`) REFERENCES `staff` (`STAFFID`);

--
-- Constraints for table `user_experience`
--
ALTER TABLE `user_experience`
  ADD CONSTRAINT `fk_user_exp` FOREIGN KEY (`username`) REFERENCES `users` (`username`) ON DELETE CASCADE ON UPDATE CASCADE;
COMMIT;

/*!40101 SET CHARACTER_SET_CLIENT=@OLD_CHARACTER_SET_CLIENT */;
/*!40101 SET CHARACTER_SET_RESULTS=@OLD_CHARACTER_SET_RESULTS */;
/*!40101 SET COLLATION_CONNECTION=@OLD_COLLATION_CONNECTION */;
